timestamp,panel_id,PC1,PC2,PC3
2026-08-01 00:00:00,PANEL_01,-2.362318531813121,-0.34672797230792923,-0.201643957227275
2026-08-01 00:00:00,PANEL_02,-2.3795654273698927,-0.34744680134710315,-0.19600620323824833
2026-08-01 00:00:00,PANEL_03,-2.371421060023639,-0.34710735430082656,-0.19866847595528878
2026-08-01 01:00:00,PANEL_01,-2.628796916103037,1.3793877918035766,-0.5883173620588807
2026-08-01 01:00:00,PANEL_02,-2.5435205991834424,1.3829420020528256,-0.6161929234490686
2026-08-01 01:00:00,PANEL_03,-2.599093929310819,1.3806257751488207,-0.5980268272622046
2026-08-01 02:00:00,PANEL_01,-2.510893989054216,-0.5185158325896511,-0.6369104562766474
2026-08-01 02:00:00,PANEL_02,-2.496042495658107,-0.517896840917029,-0.6417651888783094
2026-08-01 02:00:00,PANEL_03,-2.5017914608436977,-0.5181364505967537,-0.6398859375486338
2026-08-01 03:00:00,PANEL_01,-2.5245165214562744,0.5792071700303351,-0.5094035240592186
2026-08-01 03:00:00,PANEL_02,-2.5489496234950346,0.5781888288915052,-0.5014167059080974
2026-08-01 03:00:00,PANEL_03,-2.5182884758385513,0.5794667471833701,-0.5114393796663672
2026-08-01 04:00:00,PANEL_01,-2.559059426708643,0.29359393197081185,-0.7955507580924027
2026-08-01 04:00:00,PANEL_02,-2.571994598376222,0.29305481019143137,-0.7913224426006327
2026-08-01 04:00:00,PANEL_03,-2.565766552758499,0.2933143873444664,-0.7933582982077813
2026-08-01 05:00:00,PANEL_01,-2.4744931603831044,-0.7507504907891318,-0.5136241631727914
2026-08-01 05:00:00,PANEL_02,-2.4855120103221533,-0.7512097426752707,-0.5100222647909133
2026-08-01 05:00:00,PANEL_03,-2.464911551740453,-0.750351141322924,-0.5167562487222508
2026-08-01 06:00:00,PANEL_01,-1.5054486940106389,-2.0785927915164404,-0.5012308052897664
2026-08-01 06:00:00,PANEL_02,-1.4522877855742595,-2.0775721054072043,-0.5107373516248024
2026-08-01 06:00:00,PANEL_03,-1.4180536854318648,-2.074850171427077,-0.5291395370227328
2026-08-01 07:00:00,PANEL_01,0.12617080484320936,0.26613112716320775,-0.7532134692937372
2026-08-01 07:00:00,PANEL_02,0.3884194753860833,0.28463602606543464,-0.8345354147076843
2026-08-01 07:00:00,PANEL_03,0.26535435632413723,0.27606576378238884,-0.8041163027103226
2026-08-01 08:00:00,PANEL_01,1.1150131473169564,1.576346051792948,-1.111278537088534
2026-08-01 08:00:00,PANEL_02,1.399629066520053,1.5915244856923776,-1.2115633097670782
2026-08-01 08:00:00,PANEL_03,1.3027262055468654,1.5830505537582198,-1.1796143934524679
2026-08-01 09:00:00,PANEL_01,2.409577289637157,-1.3341347105350576,-0.4917077239898619
2026-08-01 09:00:00,PANEL_02,2.5726276767644563,-1.3234746954762906,-0.5778911162161169
2026-08-01 09:00:00,PANEL_03,2.500019065762821,-1.3275347462321123,-0.5440442059877647
2026-08-01 10:00:00,PANEL_01,3.0502676448682724,-0.9578966488694144,-0.4411456466264957
2026-08-01 10:00:00,PANEL_02,3.2558884363474854,-0.9487259183232938,-0.5374481437927191
2026-08-01 10:00:00,PANEL_03,3.114115767907539,-0.9558838565964699,-0.47702153821709503
2026-08-01 11:00:00,PANEL_01,3.3416889970445567,-0.005940985057245576,-0.5186029046018391
2026-08-01 11:00:00,PANEL_02,3.783119717463569,0.021684929680228147,-0.7123933642721415
2026-08-01 11:00:00,PANEL_03,3.5459552023040306,0.006965254944298924,-0.6050818747618761
2026-08-01 12:00:00,PANEL_01,3.6588144187732707,0.4042533481769594,0.07316025294064088
2026-08-01 12:00:00,PANEL_02,3.937950419242326,0.41994645892927723,-0.057403773155209406
2026-08-01 12:00:00,PANEL_03,3.855160025102585,0.4149235256653676,-0.012682317029910076
2026-08-01 13:00:00,PANEL_01,3.685734086920641,-0.8738546097789717,0.322002606294396
2026-08-01 13:00:00,PANEL_02,3.953705612807952,-0.855979006134282,0.18784081929009722
2026-08-01 13:00:00,PANEL_03,3.8685680396221014,-0.8592071004102306,0.2239902045154979
2026-08-01 14:00:00,PANEL_01,3.280324713614307,-1.0487213523800754,0.11583333606914595
2026-08-01 14:00:00,PANEL_02,3.4950472557028314,-1.0368714507232561,0.0017310719880262741
2026-08-01 14:00:00,PANEL_03,3.3772118183971336,-1.040489875393397,0.05597377026460584
2026-08-01 15:00:00,PANEL_01,2.712341163980391,0.5818840362564338,0.6783607251732694
2026-08-01 15:00:00,PANEL_02,2.9141021147651345,0.5960834202833301,0.5692000925000386
2026-08-01 15:00:00,PANEL_03,2.8362201192404846,0.5897699133801788,0.6153136320408517
2026-08-01 16:00:00,PANEL_01,2.029102732298594,-1.2348907246274756,1.0156807636555423
2026-08-01 16:00:00,PANEL_02,2.1450211996865884,-1.2277885447232124,0.9455679201797029
2026-08-01 16:00:00,PANEL_03,2.0968989067701385,-1.2307781933342536,0.9809172563492747
2026-08-01 17:00:00,PANEL_01,0.6943009064805575,1.3542493259350226,0.9694558476273344
2026-08-01 17:00:00,PANEL_02,0.8091561098697202,1.3600117424828893,0.9162458428434775
2026-08-01 17:00:00,PANEL_03,0.8648629073731354,1.366670714512783,0.9090273455897778
2026-08-01 18:00:00,PANEL_01,-0.1782251628016493,0.469010654944789,1.0405908282961982
2026-08-01 18:00:00,PANEL_02,-1.117610735995925,0.38324115014967663,1.0497983188104003
2026-08-01 18:00:00,PANEL_03,-0.26184599569023215,0.46557295429928175,1.0687549188358676
2026-08-01 19:00:00,PANEL_01,-1.8984475920542758,-0.6812921521572909,1.2688199043166661
2026-08-01 19:00:00,PANEL_02,-1.876888972608311,-0.6803936158583234,1.2617727118303828
2026-08-01 19:00:00,PANEL_03,-1.8994057529185406,-0.6813320871039117,1.2691331128716121
2026-08-01 20:00:00,PANEL_01,-2.1118809533366774,1.0969284549190268,0.9000106846180329
2026-08-01 20:00:00,PANEL_02,-2.130565090189847,1.0961497234599216,0.9061182514394786
2026-08-01 20:00:00,PANEL_03,-2.1190671598186657,1.096628942819371,0.9023597487801274
2026-08-01 21:00:00,PANEL_01,-2.028519462504345,-0.9255690198783757,0.8846005049796949
2026-08-01 21:00:00,PANEL_02,-2.0194169342938264,-0.9251896378854784,0.8816250237077085
2026-08-01 21:00:00,PANEL_03,-1.970550730216306,-0.9231529556078187,0.865651387405466
2026-08-01 22:00:00,PANEL_01,-2.3094498614779706,0.22420265210097423,0.18192882809967673
2026-08-01 22:00:00,PANEL_02,-2.2236944641262433,0.22777682982353367,0.15389666243201586
2026-08-01 22:00:00,PANEL_03,-2.2749560703644267,0.22564031017932218,0.17065332012162318
2026-08-01 23:00:00,PANEL_01,-2.2289759794871578,-0.6502990013298906,0.19402813020217213
2026-08-01 23:00:00,PANEL_02,-2.2538881619580504,-0.6513373099420308,0.20217155263076636
2026-08-01 23:00:00,PANEL_03,-2.216519888251711,-0.6497798470238205,0.18995641898787508
2026-08-02 00:00:00,PANEL_01,-2.3314279004443454,-1.3859148441081433,-0.17632676688056464
2026-08-02 00:00:00,PANEL_02,-2.3146600853197064,-1.3852159825422798,-0.18180791659211842
2026-08-02 00:00:00,PANEL_03,-2.2562122725995346,-1.3827799507984124,-0.20091363844382032
2026-08-02 01:00:00,PANEL_01,-2.632783460835176,0.5822161098268173,-0.8128421170580336
2026-08-02 01:00:00,PANEL_02,-2.6030804740429576,0.5834540931720613,-0.8225515822613575
2026-08-02 01:00:00,PANEL_03,-2.6471558737991527,0.5816170856275056,-0.8081439887338446
2026-08-02 02:00:00,PANEL_01,-2.444083067151667,-0.30726694727117543,-0.3876388147602317
2026-08-02 02:00:00,PANEL_02,-2.4004867478276046,-0.3054499071999301,-0.4018898040102716
2026-08-02 02:00:00,PANEL_03,-2.457976399683511,-0.30784600399717665,-0.38309729071351567
2026-08-02 03:00:00,PANEL_01,-2.4763131863247296,0.13423926121380286,-0.5645486862878726
2026-08-02 03:00:00,PANEL_02,-2.503141690524153,0.1331210827084211,-0.5557788467493865
2026-08-02 03:00:00,PANEL_03,-2.5333237577485037,0.13186313188986665,-0.5459127772685896
2026-08-02 04:00:00,PANEL_01,-2.579818232026864,0.09418724552170354,-0.7908572092967706
2026-08-02 04:00:00,PANEL_02,-2.5716738646806103,0.09452669256798013,-0.793519482013811
2026-08-02 04:00:00,PANEL_03,-2.5802973124589963,0.09416727804839314,-0.7907006050192976
2026-08-02 05:00:00,PANEL_01,-2.435002232168966,-0.23896446704478222,-0.22416018267245322
2026-08-02 05:00:00,PANEL_02,-2.4144017735872665,-0.23810586569243553,-0.23089416660379072
2026-08-02 05:00:00,PANEL_03,-2.402903843216085,-0.23762664633298622,-0.2346526692631419
2026-08-02 06:00:00,PANEL_01,-1.6747857443723981,0.595580133161677,-1.0142467636369286
2026-08-02 06:00:00,PANEL_02,-1.671299957522277,0.5962751777476633,-1.018210946036627
2026-08-02 06:00:00,PANEL_03,-1.6274470233980276,0.5974251420465365,-1.0295521704044335
2026-08-02 07:00:00,PANEL_01,0.25493096264810067,0.054475496587767555,-0.6176015948689156
2026-08-02 07:00:00,PANEL_02,0.43764831813449784,0.06427129155076051,-0.6888360080378709
2026-08-02 07:00:00,PANEL_03,0.37625708922917217,0.05957901791097733,-0.6780192798735654
2026-08-02 08:00:00,PANEL_01,1.2993307793742515,0.4402306845840603,-0.743480121017574
2026-08-02 08:00:00,PANEL_02,1.4237795709147905,0.44863484550717925,-0.8084461533150592
2026-08-02 08:00:00,PANEL_03,1.3204512242668829,0.4412567656445066,-0.7671391441761337
2026-08-02 09:00:00,PANEL_01,2.362644297915633,-0.6966332118097237,-0.7001739565026955
2026-08-02 09:00:00,PANEL_02,2.5337280912129385,-0.6876703212705836,-0.7831386811350627
2026-08-02 09:00:00,PANEL_03,2.5531075963141188,-0.6847549629288973,-0.7826166159971076
2026-08-02 10:00:00,PANEL_01,2.9191717807606854,0.6157598338423499,-0.48590817250941093
2026-08-02 10:00:00,PANEL_02,3.24257283676985,0.6360364931176496,-0.6321206130619734
2026-08-02 10:00:00,PANEL_03,3.252360168956576,0.6368093967882879,-0.6260054060983216
2026-08-02 11:00:00,PANEL_01,3.4678828019898233,0.44290493845857115,-0.41107506940044486
2026-08-02 11:00:00,PANEL_02,3.6297029427400496,0.45374920890331827,-0.49887317570704065
2026-08-02 11:00:00,PANEL_03,3.480284429023994,0.4457839808528658,-0.44073361763263824
2026-08-02 12:00:00,PANEL_01,3.6242078714022674,0.010857830263431739,-0.3540523384255012
2026-08-02 12:00:00,PANEL_02,3.9143751814828947,0.030091082033135045,-0.49035940490756125
2026-08-02 12:00:00,PANEL_03,3.7963345694885837,0.020633718730892484,-0.42853643884975123
2026-08-02 13:00:00,PANEL_01,3.4208385703412367,0.671245364533263,-0.28000959476596654
2026-08-02 13:00:00,PANEL_02,3.725674767585126,0.6914832814421279,-0.42681933540834194
2026-08-02 13:00:00,PANEL_03,3.544570518116448,0.6790006002917129,-0.3386287732576537
2026-08-02 14:00:00,PANEL_01,3.2286368360945192,0.15340890921303155,0.3168147602087761
2026-08-02 14:00:00,PANEL_02,3.5277584383647143,0.17168457285628622,0.18669921354805233
2026-08-02 14:00:00,PANEL_03,3.4075560983250033,0.16510028355590292,0.23310831306614846
2026-08-02 15:00:00,PANEL_01,2.5737897586708907,-0.0010484521905421533,0.5984736590498843
2026-08-02 15:00:00,PANEL_02,2.8638802426920704,0.01630878829459777,0.4747776480700481
2026-08-02 15:00:00,PANEL_03,2.78077941106442,0.010806755705007462,0.5063523848265616
2026-08-02 16:00:00,PANEL_01,1.881955525277904,0.7490949308706425,0.791705028865766
2026-08-02 16:00:00,PANEL_02,1.8696782076067258,0.7479323937898253,0.7577748630330892
2026-08-02 16:00:00,PANEL_03,1.938736615553625,0.7532503300026084,0.7541449647808925
2026-08-02 17:00:00,PANEL_01,1.0226040002637393,0.5405652055506897,1.1018978510865467
2026-08-02 17:00:00,PANEL_02,1.0070145268834563,0.5391648081011589,1.098818807875211
2026-08-02 17:00:00,PANEL_03,1.1386689676117128,0.5472930156369599,1.063694191094417
2026-08-02 18:00:00,PANEL_01,-1.0177019612934777,0.013110187352335252,1.0486917788357397
2026-08-02 18:00:00,PANEL_02,-0.21412407459405564,0.09249607934211804,1.088110753828769
2026-08-02 18:00:00,PANEL_03,-0.1652514874431263,0.09470691122297041,1.0707390109556045
2026-08-02 19:00:00,PANEL_01,-2.1573568806004246,2.6445444433265872,0.9114189457822061
2026-08-02 19:00:00,PANEL_02,-2.1765200978857266,2.6437457443941716,0.9176831168811247
2026-08-02 19:00:00,PANEL_03,-2.1693338914037383,2.6440452564938277,0.9153340527190302
2026-08-02 20:00:00,PANEL_01,-2.037930560383746,0.3032689575465783,0.8487195846648058
2026-08-02 20:00:00,PANEL_02,-2.086317684029134,0.3012522427422291,0.8645366166895754
2026-08-02 20:00:00,PANEL_03,-2.0580519385333136,0.30243032366754197,0.8552969643186704
2026-08-02 21:00:00,PANEL_01,-2.025716320697466,-1.294534749633584,0.7553368709454849
2026-08-02 21:00:00,PANEL_02,-2.0156556316226824,-1.2941154326940658,0.7520481811185525
2026-08-02 21:00:00,PANEL_03,-1.9854735643983312,-1.2928574818755112,0.7421821116377557
2026-08-02 22:00:00,PANEL_01,-2.2454088711128337,0.7052060025901232,0.36304069585869175
2026-08-02 22:00:00,PANEL_02,-2.2492415145698943,0.7050462628036401,0.3642935300784756
2026-08-02 22:00:00,PANEL_03,-2.282777144819173,0.7036485396719129,0.37525582950158315
2026-08-02 23:00:00,PANEL_01,-2.182996247205822,-1.1030181419381861,0.21505492073673654
2026-08-02 23:00:00,PANEL_02,-2.185391649366485,-1.103117979304738,0.2158379421241014
2026-08-02 23:00:00,PANEL_03,-2.148981536524411,-1.1016004513331485,0.203936017036156
2026-08-03 00:00:00,PANEL_01,-2.209309633156155,-1.648626048779253,0.1302659381420163
2026-08-03 00:00:00,PANEL_02,-2.1968535419207087,-1.648106894473183,0.12619422692771926
2026-08-03 00:00:00,PANEL_03,-2.196374461488576,-1.6480869269998726,0.12603762265024626
2026-08-03 01:00:00,PANEL_01,-2.634542298855586,2.0831166291194663,-0.7098614448481371
2026-08-03 01:00:00,PANEL_02,-2.6747850551547208,2.0814393613613937,-0.6967066855404079
2026-08-03 01:00:00,PANEL_03,-2.6656825269442024,2.081818743354291,-0.6996821668123944
2026-08-03 02:00:00,PANEL_01,-2.506748660075958,-0.8907719523780153,-0.7253748433105882
2026-08-03 02:00:00,PANEL_02,-2.516809349150742,-0.8911912693175335,-0.7220861534836559
2026-08-03 02:00:00,PANEL_03,-2.531660842546851,-0.8918102609901555,-0.717231420881994
2026-08-03 03:00:00,PANEL_01,-2.477618764323815,-0.7974284240765759,-0.5890442529956411
2026-08-03 03:00:00,PANEL_02,-2.456539225309983,-0.7965498552509188,-0.5959348412044515
2026-08-03 03:00:00,PANEL_03,-2.506842670683901,-0.7986464399485096,-0.5794913920697902
2026-08-03 04:00:00,PANEL_01,-2.611950408269885,-0.239345816314433,-0.9025680642631998
2026-08-03 04:00:00,PANEL_02,-2.632071786419452,-0.24018445019346932,-0.8959906846093353
2026-08-03 04:00:00,PANEL_03,-2.5865591453668593,-0.23828754022898244,-0.910868090969267
2026-08-03 05:00:00,PANEL_01,-2.6256659134281457,0.22412361839423758,-0.7344841405973567
2026-08-03 05:00:00,PANEL_02,-2.602670052685783,0.2250820571131362,-0.742001145916059
2026-08-03 05:00:00,PANEL_03,-2.580153272375553,0.22602052835872447,-0.7493615469572884
2026-08-03 06:00:00,PANEL_01,-1.373692196937201,-0.9886635414621537,-0.04330654747116947
2026-08-03 06:00:00,PANEL_02,-1.4490297715708236,-0.9919666795028625,-0.017771269497721443
2026-08-03 06:00:00,PANEL_03,-1.4070405536417063,-0.9894823917721134,-0.035585368344998265
2026-08-03 07:00:00,PANEL_01,0.5044963159860973,-1.308531690640786,-0.2627664502764211
2026-08-03 07:00:00,PANEL_02,0.6571782858037805,-1.2982798095439712,-0.329668235248052
2026-08-03 07:00:00,PANEL_03,0.5871568882778843,-1.3010895710592831,-0.29372218837358033
2026-08-03 08:00:00,PANEL_01,1.5999095087684023,-1.5889205056672595,-0.25033435050196895
2026-08-03 08:00:00,PANEL_02,1.7836597565299503,-1.578724764264558,-0.3265757955216712
2026-08-03 08:00:00,PANEL_03,1.7637393539355035,-1.57760498598336,-0.3131388710738308
2026-08-03 09:00:00,PANEL_01,2.2486912274308124,1.0015138433233055,-0.7695527228877811
2026-08-03 09:00:00,PANEL_02,2.4546979874618984,1.0146672834567863,-0.8728099319102265
2026-08-03 09:00:00,PANEL_03,2.3718986791414483,1.0087849898010497,-0.8289908932434314
2026-08-03 10:00:00,PANEL_01,2.803829677339524,0.768489102658624,-0.9009568080439246
2026-08-03 10:00:00,PANEL_02,2.950007514488615,0.7766493374634231,-0.9804561813025687
2026-08-03 10:00:00,PANEL_03,2.9464015635408036,0.774971969772159,-0.9707041165912877
2026-08-03 11:00:00,PANEL_01,3.2985874675956524,0.6944387280894269,-0.45368895330014647
2026-08-03 11:00:00,PANEL_02,3.507598777697842,0.7065910175530874,-0.5637182522966291
2026-08-03 11:00:00,PANEL_03,3.6018893461973223,0.710682714019804,-0.5734689324064817
2026-08-03 12:00:00,PANEL_01,3.577926336037333,0.6853511902894694,-0.2555124123153894
2026-08-03 12:00:00,PANEL_02,3.934895580745759,0.7075775193006242,-0.4202298253196511
2026-08-03 12:00:00,PANEL_03,3.748808434618431,0.6954563599938846,-0.3354445250397116
2026-08-03 13:00:00,PANEL_01,3.551973794274833,0.9501433116183585,0.26083965810797827
2026-08-03 13:00:00,PANEL_02,3.9265564609374257,0.9705407758147756,0.0989013778538873
2026-08-03 13:00:00,PANEL_03,3.7524834085568233,0.9596335342534225,0.1813125089071516
2026-08-03 14:00:00,PANEL_01,3.36951125481454,-0.6096140118861224,0.535628968622991
2026-08-03 14:00:00,PANEL_02,3.6103607542068246,-0.593535755980662,0.40723282324582954
2026-08-03 14:00:00,PANEL_03,3.545893556232442,-0.5993040803613208,0.4515379784917284
2026-08-03 15:00:00,PANEL_01,2.9050863034079213,-0.44555601497477326,0.8488339714169696
2026-08-03 15:00:00,PANEL_02,3.1062782781313603,-0.43708380596360985,0.7595716363826094
2026-08-03 15:00:00,PANEL_03,2.9230638149461985,-0.44508528415813736,0.8244449711033924
2026-08-03 16:00:00,PANEL_01,1.9034558680289542,1.214141409659645,0.8016294242468968
2026-08-03 16:00:00,PANEL_02,2.1074349835038566,1.225207723697172,0.7081846630762758
2026-08-03 16:00:00,PANEL_03,1.9712806909237877,1.2174822975240516,0.7729005651240414
2026-08-03 17:00:00,PANEL_01,1.0265485159066676,-0.5360011032215446,1.1941620709753795
2026-08-03 17:00:00,PANEL_02,1.063102129037196,-0.5370991517614705,1.1527618163869053
2026-08-03 17:00:00,PANEL_03,1.1466738599680204,-0.5325945804335183,1.1409700799536036
2026-08-03 18:00:00,PANEL_01,-0.9889291974154372,-0.009358299491512113,1.248792957304017
2026-08-03 18:00:00,PANEL_02,-0.17874144078305051,0.06977984114224973,1.287975946595735
2026-08-03 18:00:00,PANEL_03,-0.9843860925715197,-0.010341676453592134,1.2538380424883613
2026-08-03 19:00:00,PANEL_01,-1.9163276474255169,0.3420853890125876,1.251416865190655
2026-08-03 19:00:00,PANEL_02,-1.921597532178975,0.3418657468061733,1.2531395122428577
2026-08-03 19:00:00,PANEL_03,-1.975254540577821,0.33962938979540985,1.2706791913198299
2026-08-03 20:00:00,PANEL_01,-1.9478304446742987,0.033232637795127196,1.0565753276814807
2026-08-03 20:00:00,PANEL_02,-1.9502258468349611,0.03313280042857526,1.0573583490688454
2026-08-03 20:00:00,PANEL_03,-1.9981338900482168,0.03113605309753646,1.073018776816142
2026-08-03 21:00:00,PANEL_01,-2.016384463560444,-0.30330157704793737,0.8803778136325927
2026-08-03 21:00:00,PANEL_02,-2.0139890613997813,-0.3032017396813854,0.8795947922452279
2026-08-03 21:00:00,PANEL_03,-2.019738026585372,-0.30344134936111006,0.8814740435749034
2026-08-03 22:00:00,PANEL_01,-2.1656386386847997,0.6168023503187521,0.6532067108857792
2026-08-03 22:00:00,PANEL_02,-2.168513121277595,0.6166825454788898,0.6541463365506169
2026-08-03 22:00:00,PANEL_03,-2.1527034670172207,0.6173414720981326,0.6489783953940091
2026-08-03 23:00:00,PANEL_01,-2.2451722192505406,-1.3245033971316746,-0.04605366027253351
2026-08-03 23:00:00,PANEL_02,-2.2605027930787824,-1.3251423562776072,-0.041042323393398604
2026-08-03 23:00:00,PANEL_03,-2.2825404929568798,-1.326060860049885,-0.03383852662964223
2026-08-04 00:00:00,PANEL_01,-2.3517428703257783,-0.43480642141680087,-0.19348161013114665
2026-08-04 00:00:00,PANEL_02,-2.438456428541771,-0.4384205340859811,-0.1651362359085399
2026-08-04 00:00:00,PANEL_03,-2.3431194225473924,-0.4344470068972139,-0.1963004871256601
2026-08-04 01:00:00,PANEL_01,-2.534005888906804,0.2739848110675572,-0.4293075378756781
2026-08-04 01:00:00,PANEL_02,-2.500949339089657,0.2753625667259739,-0.4401132330213128
2026-08-04 01:00:00,PANEL_03,-2.5191543955106943,0.2746038027401792,-0.43416227047734
2026-08-04 02:00:00,PANEL_01,-2.4736131322026913,-1.1654362361200064,-0.515303623487727
2026-08-04 02:00:00,PANEL_02,-2.414686239050387,-1.1629802369028286,-0.5345659496169016
2026-08-04 02:00:00,PANEL_03,-2.453491754053124,-1.1645976022409699,-0.5218810031415915
2026-08-04 03:00:00,PANEL_01,-2.5667328753629857,-0.7897576448515998,-0.8706200767677065
2026-08-04 03:00:00,PANEL_02,-2.575835403573504,-0.7901370268444972,-0.8676445954957202
2026-08-04 03:00:00,PANEL_03,-2.563379312338058,-0.7896178725384271,-0.8717163067100172
2026-08-04 04:00:00,PANEL_01,-2.497648382392258,-0.01368763345178227,-0.5127447651697233
2026-08-04 04:00:00,PANEL_02,-2.530225851777272,-0.015045421636888616,-0.5020956743015617
2026-08-04 04:00:00,PANEL_03,-2.475610682514161,-0.012769129679504403,-0.5199485619334797
2026-08-04 05:00:00,PANEL_01,-2.580558015316276,-0.09601399721908323,-0.7317732354031449
2026-08-04 05:00:00,PANEL_02,-2.6059492782193017,-0.09707227330453379,-0.7234732086970777
2026-08-04 05:00:00,PANEL_03,-2.578641693587746,-0.09593412732584168,-0.7323996525130367
2026-08-04 06:00:00,PANEL_01,-1.5587489306873845,-0.07070229517289928,-0.6019395439944347
2026-08-04 06:00:00,PANEL_02,-1.478640589041553,-0.06678773041945063,-0.6303449864108563
2026-08-04 06:00:00,PANEL_03,-1.5133998854313955,-0.06843185759372933,-0.6183482712256007
2026-08-04 07:00:00,PANEL_01,0.2415468851093518,0.31428878654725684,-0.8169478836058733
2026-08-04 07:00:00,PANEL_02,0.3728802453141473,0.3220437290322543,-0.8725631708504764
2026-08-04 07:00:00,PANEL_03,0.3397427963370303,0.32146225461680117,-0.8508349065058176
2026-08-04 08:00:00,PANEL_01,1.3324473988235488,1.2049836631278834,-0.6496160259007647
2026-08-04 08:00:00,PANEL_02,1.4043847568958154,1.2149063221880245,-0.6896602526125876
2026-08-04 08:00:00,PANEL_03,1.5028462440389905,1.215240568555444,-0.7071638976676888
2026-08-04 09:00:00,PANEL_01,2.08841748475926,0.6823570555767426,-0.8959093104326082
2026-08-04 09:00:00,PANEL_02,2.368655207654378,0.6993017360915842,-1.0195097121769556
2026-08-04 09:00:00,PANEL_03,2.2891811524253485,0.6926639114667138,-0.9764135247757761
2026-08-04 10:00:00,PANEL_01,2.742666757953968,4.331832017134726,-1.1065555139314667
2026-08-04 10:00:00,PANEL_02,2.9053200887773403,4.343538699840453,-1.2009722695722365
2026-08-04 10:00:00,PANEL_03,2.824074366014397,4.338415539285159,-1.1531319308817243
2026-08-04 11:00:00,PANEL_01,3.3994586772985564,1.3592078730262027,-0.4253629370005792
2026-08-04 11:00:00,PANEL_02,3.6294816555464386,1.3708503348621062,-0.537188734780139
2026-08-04 11:00:00,PANEL_03,3.5843928247940733,1.367818482768579,-0.5052818151125382
2026-08-04 12:00:00,PANEL_01,3.552294655810213,1.1636814240998947,-0.42581996968194086
2026-08-04 12:00:00,PANEL_02,3.7904557847444944,1.180393698985284,-0.5527459928926165
2026-08-04 12:00:00,PANEL_03,3.7151846993760542,1.1747799657707068,-0.5111537821370858
2026-08-04 13:00:00,PANEL_01,3.5714116059630725,-0.1196749831330758,0.03714714185726487
2026-08-04 13:00:00,PANEL_02,3.776480954569337,-0.10438164990174305,-0.08125540907589213
2026-08-04 13:00:00,PANEL_03,3.7375878706785555,-0.10574932311566489,-0.057585002608857114
2026-08-04 14:00:00,PANEL_01,3.4587890582201353,-1.5077196370643071,0.9483420453254415
2026-08-04 14:00:00,PANEL_02,3.8970347513453185,-1.480205099213273,0.7624629000654579
2026-08-04 14:00:00,PANEL_03,3.8211069777085407,-1.4851276777193867,0.8066709781078505
2026-08-04 15:00:00,PANEL_01,2.686769113095467,-0.1692164722182287,0.34077810574387146
2026-08-04 15:00:00,PANEL_02,2.854626546623592,-0.15617449165346528,0.24927863434739544
2026-08-04 15:00:00,PANEL_03,2.8561359846992875,-0.1569461952803529,0.28033434739606544
2026-08-04 16:00:00,PANEL_01,2.111176239100925,-0.7969855676662609,0.9903139061515552
2026-08-04 16:00:00,PANEL_02,2.1846510204790226,-0.7917922125433049,0.9386349783905925
2026-08-04 16:00:00,PANEL_03,2.0332326642328167,-0.7991486698273313,0.9929074200502638
2026-08-04 17:00:00,PANEL_01,0.8961155808395368,-0.5049675613636164,1.4120549101982838
2026-08-04 17:00:00,PANEL_02,1.185148797787393,-0.4867386164314595,1.321345036497318
2026-08-04 17:00:00,PANEL_03,1.036143433167923,-0.4971168438791671,1.3539990049851298
2026-08-04 18:00:00,PANEL_01,-0.858371597666742,-0.5902416941920768,1.463416682166975
2026-08-04 18:00:00,PANEL_02,-0.1603439637663162,-0.5152948644897627,1.538346229900439
2026-08-04 18:00:00,PANEL_03,-0.16505616679588742,-0.515589724109708,1.540209094237017
2026-08-04 19:00:00,PANEL_01,-1.86461158943098,0.7701739355134307,1.5142969041340633
2026-08-04 19:00:00,PANEL_02,-1.875630439370029,0.7697146836272918,1.5178988025159414
2026-08-04 19:00:00,PANEL_03,-1.8617371068381847,0.770293740353293,1.5133572784692253
2026-08-04 20:00:00,PANEL_01,-2.1493161223674906,0.12782160031223117,0.5601646558083216
2026-08-04 20:00:00,PANEL_02,-2.122008537735935,0.12895974629092327,0.5512382119923626
2026-08-04 20:00:00,PANEL_03,-2.1517115245281535,0.12772176294567922,0.5609476771956865
2026-08-04 21:00:00,PANEL_01,-2.262859030155175,0.8138570288155714,0.37776920636090716
2026-08-04 21:00:00,PANEL_02,-2.249923858487596,0.8143961505949519,0.3735408908691371
2026-08-04 21:00:00,PANEL_03,-2.2398631694128124,0.81481546753447,0.3702522010422048
2026-08-04 22:00:00,PANEL_01,-2.267163693794836,-0.26285675814857523,0.15210480210855995
2026-08-04 22:00:00,PANEL_02,-2.267163693794836,-0.26285675814857523,0.15210480210855995
2026-08-04 22:00:00,PANEL_03,-2.28488966978374,-0.2635955546610596,0.1578991603750596
2026-08-04 23:00:00,PANEL_01,-2.4105949248381258,0.7586923916942593,-0.061861864237242846
2026-08-04 23:00:00,PANEL_02,-2.4283209008270306,0.757953595181775,-0.05606750597074308
2026-08-04 23:00:00,PANEL_03,-2.3531052729822193,0.7610884884915059,-0.08065437753399864
2026-08-05 00:00:00,PANEL_01,-2.480066705889137,-0.5979544802603831,-0.44742879615585907
2026-08-05 00:00:00,PANEL_02,-2.467131534221558,-0.5974153584810026,-0.4516571116476291
2026-08-05 00:00:00,PANEL_03,-2.4676106146536907,-0.597435325954313,-0.4515005073701561
2026-08-05 01:00:00,PANEL_01,-2.4227224582936224,-0.9429487001170732,-0.5021722600383842
2026-08-05 01:00:00,PANEL_02,-2.4514672842215752,-0.9441467485156965,-0.4927760033900064
2026-08-05 01:00:00,PANEL_03,-2.414578090947369,-0.9426092530707966,-0.5048345327554247
2026-08-05 02:00:00,PANEL_01,-2.4856434608600644,0.21316983158155486,-0.37769900664847583
2026-08-05 02:00:00,PANEL_02,-2.462647600117702,0.21412827030045348,-0.3852160119671782
2026-08-05 02:00:00,PANEL_03,-2.489476104317125,0.21301009179507177,-0.376446172428692
2026-08-05 03:00:00,PANEL_01,-2.6474747768214124,0.659751568768279,-1.026347414737524
2026-08-05 03:00:00,PANEL_02,-2.7270021285554162,0.6564369681987546,-1.0003511046770117
2026-08-05 03:00:00,PANEL_03,-2.6915501765776075,0.6579145612237234,-1.0119398212100112
2026-08-05 04:00:00,PANEL_01,-2.4978874476139143,0.8831540098204024,-0.4127975441708636
2026-08-05 04:00:00,PANEL_02,-2.503157332367372,0.882934367613988,-0.411074897118661
2026-08-05 04:00:00,PANEL_03,-2.517529745331349,0.8823353434146765,-0.406376768794472
2026-08-05 05:00:00,PANEL_01,-2.5201735984596434,-0.7973388617834519,-0.6927641163036388
2026-08-05 05:00:00,PANEL_02,-2.5163409550025833,-0.7971791219969688,-0.6940169505234224
2026-08-05 05:00:00,PANEL_03,-2.5206526788917762,-0.7973588292567624,-0.6926075120261658
2026-08-05 06:00:00,PANEL_01,-1.535941327498269,0.24485553653464953,-0.6373694795055739
2026-08-05 06:00:00,PANEL_02,-1.4532852202783004,0.24857018273142595,-0.6634391054887913
2026-08-05 06:00:00,PANEL_03,-1.4586416009614622,0.2487216726122321,-0.6655517323115598
2026-08-05 07:00:00,PANEL_01,0.4448911357479406,-0.11006156047439683,-0.7752645313589573
2026-08-05 07:00:00,PANEL_02,0.3804305485351481,-0.11281217378392466,-0.7722977463341372
2026-08-05 07:00:00,PANEL_03,0.29400430850575987,-0.1175684984945032,-0.7439794996815703
2026-08-05 08:00:00,PANEL_01,1.2272445763207867,-0.23012510865351646,-0.7630041631460447
2026-08-05 08:00:00,PANEL_02,1.4373995647997424,-0.2158337288554165,-0.8604029999548236
2026-08-05 08:00:00,PANEL_03,1.3989486278881287,-0.21831028501991245,-0.8394628382261371
2026-08-05 09:00:00,PANEL_01,2.5357162389701235,-1.2950478462515629,-0.23334934436426974
2026-08-05 09:00:00,PANEL_02,2.679659839542314,-1.2872371621241148,-0.31340040347588455
2026-08-05 09:00:00,PANEL_03,2.5508850821042444,-1.2941161939810155,-0.2541160374130202
2026-08-05 10:00:00,PANEL_01,2.7505741360957483,1.7709947527319518,-0.7696917731369923
2026-08-05 10:00:00,PANEL_02,3.0745743307897455,1.7910508282597164,-0.9204186230295671
2026-08-05 10:00:00,PANEL_03,2.910584015587829,1.782239365930885,-0.8419422720896926
2026-08-05 11:00:00,PANEL_01,3.4714127390341645,0.3639060353046309,-0.2692119930147546
2026-08-05 11:00:00,PANEL_02,3.6996607585169627,0.376208269915982,-0.3757606718236023
2026-08-05 11:00:00,PANEL_03,3.5766832904523835,0.37044159021863127,-0.32994294173674665
2026-08-05 12:00:00,PANEL_01,3.5832753894529974,0.5940970637612967,-0.19065547452463547
2026-08-05 12:00:00,PANEL_02,3.8241158642269237,0.6084304101690989,-0.3225664812256611
2026-08-05 12:00:00,PANEL_03,3.700037152553591,0.6004376990514945,-0.2625432689600252
2026-08-05 13:00:00,PANEL_01,3.6234939847330274,-0.004415222628798655,0.06331554137318904
2026-08-05 13:00:00,PANEL_02,3.881287310131211,0.013363025820518981,-0.07585080000786296
2026-08-05 13:00:00,PANEL_03,3.762060094150301,0.006812034000291699,-0.02106495738133011
2026-08-05 14:00:00,PANEL_01,3.150684255067336,2.0915449396171435,0.1629985364541377
2026-08-05 14:00:00,PANEL_02,3.334146995874449,2.103717879826183,0.061971134910180296
2026-08-05 14:00:00,PANEL_03,3.3178541082801267,2.09994135501117,0.08726780917144888
2026-08-05 15:00:00,PANEL_01,2.9843638441958675,-1.620191680384655,1.2121145184756605
2026-08-05 15:00:00,PANEL_02,3.1595827361785913,-1.608730036241331,1.1257540757334192
2026-08-05 15:00:00,PANEL_03,3.0126508036162813,-1.616502260850302,1.174518024071185
2026-08-05 16:00:00,PANEL_01,1.882052956959063,0.6430678932251043,0.9368891109938393
2026-08-05 16:00:00,PANEL_02,2.052006536711819,0.6526060952652607,0.8618323039100481
2026-08-05 16:00:00,PANEL_03,1.8558990939158235,0.64099961554753,0.9298890912689053
2026-08-05 17:00:00,PANEL_01,0.8971941022795324,-0.27237664525390853,1.2023470061633834
2026-08-05 17:00:00,PANEL_02,1.0622947152281486,-0.259948705913935,1.157897543685448
2026-08-05 17:00:00,PANEL_03,0.9747653756648887,-0.26629400026239153,1.1850494684003707
2026-08-05 18:00:00,PANEL_01,-0.9655130836171769,0.4927587767126702,1.4819371007820057
2026-08-05 18:00:00,PANEL_02,-0.14922576136944404,0.5722679732831508,1.5201536864222795
2026-08-05 18:00:00,PANEL_03,-0.08077132271308628,0.5754079075846986,1.4950596071979416
2026-08-05 19:00:00,PANEL_01,-2.0912839023646796,0.9698718330240669,1.0117073949775426
2026-08-05 19:00:00,PANEL_02,-2.117154245699838,0.9687935894653059,1.0201640259610827
2026-08-05 19:00:00,PANEL_03,-2.0333151700766408,0.9722878972946238,0.9927582774033138
2026-08-05 20:00:00,PANEL_01,-2.124089459014311,0.8593795836893007,0.884058181494325
2026-08-05 20:00:00,PANEL_02,-2.0967818743827555,0.8605177296679928,0.875131737678366
2026-08-05 20:00:00,PANEL_03,-2.119777735125118,0.8595592909490942,0.8826487429970684
2026-08-05 21:00:00,PANEL_01,-2.057680822431604,-0.9171940873404039,0.8327496025537895
2026-08-05 21:00:00,PANEL_02,-2.0016284118720953,-0.9148578929630885,0.8144269020894526
2026-08-05 21:00:00,PANEL_03,-1.9963585271186368,-0.9146382507566743,0.81270425503725
2026-08-05 22:00:00,PANEL_01,-2.3562780965070718,0.6567979456509915,0.08054869644902765
2026-08-05 22:00:00,PANEL_02,-2.40466522015246,0.6547812308466423,0.09636572847379712
2026-08-05 22:00:00,PANEL_03,-2.355319935642807,0.6568378805976123,0.08023548789408166
2026-08-05 23:00:00,PANEL_01,-2.289447766555667,-0.17707140158971058,0.06903371358985358
2026-08-05 23:00:00,PANEL_02,-2.334481327176127,-0.17894834408088703,0.08375451567231232
2026-08-05 23:00:00,PANEL_03,-2.294717651309125,-0.17729104379612484,0.07075636064205618
2026-08-06 00:00:00,PANEL_01,-2.541385389782256,1.1355033161871042,-0.4507895635300689
2026-08-06 00:00:00,PANEL_02,-2.527012976818279,1.1361023403864159,-0.4554876918542579
2026-08-06 00:00:00,PANEL_03,-2.538031826757328,1.1356430885002768,-0.4518857934723796
2026-08-06 01:00:00,PANEL_01,-2.5945142528768814,0.317034168545927,-0.6681759675506567
2026-08-06 01:00:00,PANEL_02,-2.5422944857744327,0.31921062313675924,-0.6852458337952099
2026-08-06 01:00:00,PANEL_03,-2.5748719551594466,0.3178528349516529,-0.6745967429270482
2026-08-06 02:00:00,PANEL_01,-2.5140886106658185,-0.5003655985084133,-0.6339715250227087
2026-08-06 02:00:00,PANEL_02,-2.536126310543916,-0.5012841022806912,-0.6267677282589523
2026-08-06 02:00:00,PANEL_03,-2.524149299740602,-0.5007849154479315,-0.6306828351957765
2026-08-06 03:00:00,PANEL_01,-2.582488850791948,0.626294391938282,-0.5892852227687054
2026-08-06 03:00:00,PANEL_02,-2.565721035667309,0.6269932535041455,-0.5947663724802592
2026-08-06 03:00:00,PANEL_03,-2.5202083946147162,0.6288901634686324,-0.6096437788401909
2026-08-06 04:00:00,PANEL_01,-2.6444197851440747,1.1346133961056486,-0.6547135917910903
2026-08-06 04:00:00,PANEL_02,-2.650168750329665,1.1343737864259238,-0.6528343404614149
2026-08-06 04:00:00,PANEL_03,-2.5759112833491193,1.137468744789034,-0.6771080034697244
2026-08-06 05:00:00,PANEL_01,-2.55602278757229,0.47553032711531007,-0.588261253735569
2026-08-06 05:00:00,PANEL_02,-2.5670416375113385,0.47507107522917114,-0.584659355353691
2026-08-06 05:00:00,PANEL_03,-2.5263198007800716,0.4767683104605541,-0.597970718938893
2026-08-06 06:00:00,PANEL_01,-1.4318668588240258,-0.33286064181245123,-0.3751257679936102
2026-08-06 06:00:00,PANEL_02,-1.4850289546126452,-0.33498862482873293,-0.3586577781167715
2026-08-06 06:00:00,PANEL_03,-1.4186264762961867,-0.33360824469752626,-0.37055623651956215
2026-08-06 07:00:00,PANEL_01,0.4506449847316885,-0.8759444420232029,-0.3560756986396233
2026-08-06 07:00:00,PANEL_02,0.6213022026081201,-0.8679509586761673,-0.4333458731753268
2026-08-06 07:00:00,PANEL_03,0.5152325450545805,-0.872239493669946,-0.39290286699269295
2026-08-06 08:00:00,PANEL_01,1.5516683482258176,-1.235235066355185,-0.7461102847144555
2026-08-06 08:00:00,PANEL_02,1.6640044729710535,-1.2279646653962795,-0.8040507068045546
2026-08-06 08:00:00,PANEL_03,1.6959657696444228,-1.2267214476676254,-0.7937879493644799
2026-08-06 09:00:00,PANEL_01,2.3154533809626283,0.8500172493911777,-0.6823089399863121
2026-08-06 09:00:00,PANEL_02,2.543469870283721,0.8647954585894727,-0.78750916906267
2026-08-06 09:00:00,PANEL_03,2.5287915695413745,0.8627229791578964,-0.7650157143144117
2026-08-06 10:00:00,PANEL_01,3.1028152303129346,-0.6926941071790091,-0.5311374069377102
2026-08-06 10:00:00,PANEL_02,3.3750536769822492,-0.6764419051575432,-0.6567776432457703
2026-08-06 10:00:00,PANEL_03,3.226706504961114,-0.6852139651367637,-0.5907827674084126
2026-08-06 11:00:00,PANEL_01,3.154737933222598,1.3254484743219,-0.6840495703731388
2026-08-06 11:00:00,PANEL_02,3.4886235988892818,1.3428220273998763,-0.8233394866900905
2026-08-06 11:00:00,PANEL_03,3.484867983371,1.3435285075956276,-0.816342998252267
2026-08-06 12:00:00,PANEL_01,3.5747624873244384,0.0037454026881088044,-0.34553734508404477
2026-08-06 12:00:00,PANEL_02,3.9350212687111608,0.025185301877388936,-0.5113202044846354
2026-08-06 12:00:00,PANEL_03,3.8157297342902265,0.01879325016611522,-0.4538845451358092
2026-08-06 13:00:00,PANEL_01,3.573485996129107,-0.48829297573838637,0.023984597851958823
2026-08-06 13:00:00,PANEL_02,3.8402890874747264,-0.47199263773151817,-0.11038393570514704
2026-08-06 13:00:00,PANEL_03,3.824502234267112,-0.4730610199423,-0.08791110825921455
2026-08-06 14:00:00,PANEL_01,3.385717725087967,-0.12314055349767736,0.36062550528285936
2026-08-06 14:00:00,PANEL_02,3.4818361758041005,-0.11701081105776615,0.29916920758312593
2026-08-06 14:00:00,PANEL_03,3.531421292528757,-0.11585078368549115,0.2905780277591169
2026-08-06 15:00:00,PANEL_01,2.756660621126246,-1.149202626719077,0.8422458647739897
2026-08-06 15:00:00,PANEL_02,2.959981717909565,-1.1367566498070811,0.7382481908893674
2026-08-06 15:00:00,PANEL_03,3.012492112990683,-1.133935914083953,0.7391786962949073
2026-08-06 16:00:00,PANEL_01,1.8926876452227928,0.08093583653983268,0.7786328665304463
2026-08-06 16:00:00,PANEL_02,1.9596170459689009,0.08558503759339627,0.7332249639935716
2026-08-06 16:00:00,PANEL_03,1.923313708249638,0.08399015944002382,0.7557805952473495
2026-08-06 17:00:00,PANEL_01,0.8555026118986941,1.1990923395163489,1.304375493848584
2026-08-06 17:00:00,PANEL_02,1.065303927361704,1.2104342866177222,1.2280571624277279
2026-08-06 17:00:00,PANEL_03,1.0182024482540548,1.2096448622383178,1.2484952709272834
2026-08-06 18:00:00,PANEL_01,-0.9383997992991371,-0.965534237188076,1.5366893713334064
2026-08-06 18:00:00,PANEL_02,-0.7153911165794471,-0.9576059971032459,1.4714001997654713
2026-08-06 18:00:00,PANEL_03,0.007084310807530199,-0.8806655578200309,1.532806653019768
2026-08-06 19:00:00,PANEL_01,-1.8515011552510507,-0.26396913065824973,1.2595528609848277
2026-08-06 19:00:00,PANEL_02,-1.850063913954653,-0.2639092282383186,1.2590830481524087
2026-08-06 19:00:00,PANEL_03,-1.8706643725363528,-0.26476782959066525,1.2658170320837463
2026-08-06 20:00:00,PANEL_01,-1.9013345506267958,-0.8685004262662607,1.0886576874909497
2026-08-06 20:00:00,PANEL_02,-1.9113952397015794,-0.8689197432057788,1.091946377317882
2026-08-06 20:00:00,PANEL_03,-1.9070835158123864,-0.8687400359459854,1.0905369388206252
2026-08-06 21:00:00,PANEL_01,-2.270526483017113,1.5673416554383877,0.48842368869903696
2026-08-06 21:00:00,PANEL_02,-2.276754528634836,1.5670820782853525,0.49045954430618555
2026-08-06 21:00:00,PANEL_03,-2.2571122309174014,1.5679007446910784,0.4840387689297939
2026-08-06 22:00:00,PANEL_01,-2.2871027088650395,0.3008432967994063,0.20095153298452612
2026-08-06 22:00:00,PANEL_02,-2.293809834914895,0.30056375217306086,0.20314399286914758
2026-08-06 22:00:00,PANEL_03,-2.266023169851207,0.30172186562506337,0.19406094477571562
2026-08-06 23:00:00,PANEL_01,-2.2342609783298997,-0.569727191006762,0.12788925540250592
2026-08-06 23:00:00,PANEL_02,-2.2553405173437318,-0.570605759832419,0.13477984361131642
2026-08-06 23:00:00,PANEL_03,-2.221804887094453,-0.5692080367006919,0.12381754418820885
2026-08-07 00:00:00,PANEL_01,-2.4355903527193243,-0.18896830029659745,-0.2534383945203397
2026-08-07 00:00:00,PANEL_02,-2.413073572409094,-0.18802982905100923,-0.26079879556156904
2026-08-07 00:00:00,PANEL_03,-2.4255296636445407,-0.18854898335707931,-0.25672708434727204
2026-08-07 01:00:00,PANEL_01,-2.4450867917500605,-1.061366350001852,-0.3661102679881837
2026-08-07 01:00:00,PANEL_02,-2.402448633290263,-1.0595892448772275,-0.3800480486832776
2026-08-07 01:00:00,PANEL_03,-2.403406794154528,-1.0596291798238482,-0.3797348401283317
2026-08-07 02:00:00,PANEL_01,-2.537057939470843,0.26296890780377674,-0.7043596971723414
2026-08-07 02:00:00,PANEL_02,-2.5581374784846753,0.2620903389781196,-0.6974691089635309
2026-08-07 02:00:00,PANEL_03,-2.5979011543516775,0.26043303869335743,-0.6844709539332747
2026-08-07 03:00:00,PANEL_01,-2.511281965339561,0.7793928346929612,-0.5692808964610664
2026-08-07 03:00:00,PANEL_02,-2.5266125391678025,0.7787538755470288,-0.5642695595819316
2026-08-07 03:00:00,PANEL_03,-2.5419431129960444,0.7781149164010963,-0.5592582227027967
2026-08-07 04:00:00,PANEL_01,-2.335467786352013,-1.0141715723627707,-0.1572583800049791
2026-08-07 04:00:00,PANEL_02,-2.3531937623409176,-1.014910368875255,-0.15146402173847934
2026-08-07 04:00:00,PANEL_03,-2.3393004298090734,-1.0143313121492536,-0.15600554578519538
2026-08-07 05:00:00,PANEL_01,-2.428995033077653,-0.026465321774038257,-0.3866399740081756
2026-08-07 05:00:00,PANEL_02,-2.4098318157923506,-0.025666622841622737,-0.39290414510709426
2026-08-07 05:00:00,PANEL_03,-2.417976183138604,-0.026006069887899323,-0.3902418723900539
2026-08-07 06:00:00,PANEL_01,-1.4046741199958601,-1.1100558191212726,-0.486671831724227
2026-08-07 06:00:00,PANEL_02,-1.4253878101341286,-1.1101403650928823,-0.4845737914611986
2026-08-07 06:00:00,PANEL_03,-1.3867461679921982,-1.109318802134901,-0.4924754289614841
2026-08-07 07:00:00,PANEL_01,0.07585127902115726,-0.6548239957919129,-0.80509437301806
2026-08-07 07:00:00,PANEL_02,0.5074409603664807,-0.6300000824910761,-0.9400952586457374
2026-08-07 07:00:00,PANEL_03,0.31247438606363853,-0.642768940871028,-0.8853877980991012
2026-08-07 08:00:00,PANEL_01,1.3832568913685255,0.43661993299241897,-0.7107155778145267
2026-08-07 08:00:00,PANEL_02,1.470034027962657,0.44129454576854177,-0.7554737972444927
2026-08-07 08:00:00,PANEL_03,1.380710305038481,0.4367513890303879,-0.7265692769620019
2026-08-07 09:00:00,PANEL_01,2.4410963439281455,-0.4081025445389692,-0.48972347134592586
2026-08-07 09:00:00,PANEL_02,2.632635132139596,-0.3981323900748583,-0.5817289979172177
2026-08-07 09:00:00,PANEL_03,2.5266938114697366,-0.4051057972895239,-0.5447950434503241
2026-08-07 10:00:00,PANEL_01,3.078301051192753,-1.1247597388306323,-0.341158152512095
2026-08-07 10:00:00,PANEL_02,3.2409106397684546,-1.1141638954067272,-0.43460194657818485
2026-08-07 10:00:00,PANEL_03,3.1962358464089387,-1.1179260318199544,-0.40307786035140714
2026-08-07 11:00:00,PANEL_01,3.6049578356310175,-0.1308474654575099,-0.2572716324530502
2026-08-07 11:00:00,PANEL_02,3.8519536661466254,-0.11418751313310196,-0.38452837357403924
2026-08-07 11:00:00,PANEL_03,3.8075628318723056,-0.11975474775614883,-0.3475664984766724
2026-08-07 12:00:00,PANEL_01,3.6676529276898346,0.2853794621348372,0.0009768483684203624
2026-08-07 12:00:00,PANEL_02,3.894668742702291,0.2994333931416238,-0.11090857268215738
2026-08-07 12:00:00,PANEL_03,3.755777895269196,0.2923539854418034,-0.054437259408349675
2026-08-07 13:00:00,PANEL_01,3.6415690053915513,-0.27043506023924824,-0.25481206771539117
2026-08-07 13:00:00,PANEL_02,3.841433951861692,-0.25837615123046304,-0.3613401423888046
2026-08-07 13:00:00,PANEL_03,3.6977380954718244,-0.26866074372355003,-0.27661826955967667
2026-08-07 14:00:00,PANEL_01,3.3065481608833998,-0.07004825270461716,0.33857623782299917
2026-08-07 14:00:00,PANEL_02,3.4657333934840304,-0.05999351252217137,0.24346349977581674
2026-08-07 14:00:00,PANEL_03,3.500163832189112,-0.05898744644220686,0.25202600008202425
2026-08-07 15:00:00,PANEL_01,2.5716133712225715,0.19544955422894056,0.4284427616423527
2026-08-07 15:00:00,PANEL_02,2.8404028481747403,0.2102814534605687,0.3123688671124654
2026-08-07 15:00:00,PANEL_03,2.7501321114074364,0.20380207501364495,0.36526170173382216
2026-08-07 16:00:00,PANEL_01,1.8979497912121663,1.0935257402320535,0.8487120594961226
2026-08-07 16:00:00,PANEL_02,1.9919924503436655,1.1006822228226782,0.7877595889257357
2026-08-07 16:00:00,PANEL_03,1.958711656741093,1.096263595491144,0.8229837797547276
2026-08-07 17:00:00,PANEL_01,0.7145115194783785,1.5571994223924095,0.7354958248285093
2026-08-07 17:00:00,PANEL_02,0.6717616760678244,1.5557091753603667,0.727854750442572
2026-08-07 17:00:00,PANEL_03,0.679458069957524,1.5560379385386633,0.7353846049545288
2026-08-07 18:00:00,PANEL_01,-0.2522671262465998,1.7888788108475158,1.047970566678154
2026-08-07 18:00:00,PANEL_02,-0.29235201142786493,1.7870965111559063,1.0621359294060189
2026-08-07 18:00:00,PANEL_03,-0.39139102846192825,1.7826582075176314,1.095708235871007
2026-08-07 19:00:00,PANEL_01,-2.030878678630098,1.2928658735031435,1.0944798526538955
2026-08-07 19:00:00,PANEL_02,-2.045251091594075,1.2922668493038318,1.0991779809780846
2026-08-07 19:00:00,PANEL_03,-2.0174644265303865,1.2934249627558343,1.0900949328846525
2026-08-07 20:00:00,PANEL_01,-2.2009722986441465,2.1641971268287024,0.6566123581224961
2026-08-07 20:00:00,PANEL_02,-2.167436668394868,2.1655948499604296,0.6456500586993885
2026-08-07 20:00:00,PANEL_03,-2.215344711608123,2.1635981026293907,0.661310486446685
2026-08-07 21:00:00,PANEL_01,-2.003708630573197,-0.2774066641924275,0.9296887602807354
2026-08-07 21:00:00,PANEL_02,-2.006583113165992,-0.27752646903228984,0.9306283859455732
2026-08-07 21:00:00,PANEL_03,-2.0199973652657035,-0.2780855582849807,0.9350133057148162
2026-08-07 22:00:00,PANEL_01,-2.2406522359990513,0.586240306287615,0.3468269239531725
2026-08-07 22:00:00,PANEL_02,-2.2559828098272927,0.5856013471416825,0.3518382608323074
2026-08-07 22:00:00,PANEL_03,-2.2449639598882443,0.5860605990278215,0.3482363624504292
2026-08-07 23:00:00,PANEL_01,-2.1320573568384726,-1.1478227931239664,0.31598477573293826
2026-08-07 23:00:00,PANEL_02,-2.187630686965849,-1.1501390200279713,0.3341508719198022
2026-08-07 23:00:00,PANEL_03,-2.1363690807276656,-1.1480025003837597,0.31739421423019487
2026-08-08 00:00:00,PANEL_01,-2.4563213231807897,0.9245461561787301,-0.33448501712730627
2026-08-08 00:00:00,PANEL_02,-2.4908151142943336,0.9231084981003823,-0.32320950914925284
2026-08-08 00:00:00,PANEL_03,-2.5387231575075893,0.9211117507693435,-0.30754908140195625
2026-08-08 01:00:00,PANEL_01,-2.4741666403705715,-1.5423956999746806,-0.6350428321731294
2026-08-08 01:00:00,PANEL_02,-2.4286539993179788,-1.5404987900101939,-0.649920238533061
2026-08-08 01:00:00,PANEL_03,-2.4602733078387273,-1.5418166432486795,-0.6395843562198453
2026-08-08 02:00:00,PANEL_01,-2.632177380991912,-0.6055345250865973,-0.9315056765952076
2026-08-08 02:00:00,PANEL_02,-2.620200370188598,-0.6050353382538376,-0.9354207835320316
2026-08-08 02:00:00,PANEL_03,-2.5881019812357167,-0.6036975175420416,-0.9459132701227204
2026-08-08 03:00:00,PANEL_01,-2.63735690211192,1.3284245084525568,-0.7571024811245525
2026-08-08 03:00:00,PANEL_02,-2.6560410389650895,1.3276457769934518,-0.7509949143031068
2026-08-08 03:00:00,PANEL_03,-2.6589155215578844,1.3275259721535895,-0.7500552886382691
2026-08-08 04:00:00,PANEL_01,-2.693454975599151,1.4484014102028577,-0.8323618473314707
2026-08-08 04:00:00,PANEL_02,-2.7059110668345974,1.4478822558967877,-0.8282901361171735
2026-08-08 04:00:00,PANEL_03,-2.645067851953763,1.450418125007207,-0.8481788793562401
2026-08-08 05:00:00,PANEL_01,-2.395174703665802,-2.076267524077714,-0.5039846469870706
2026-08-08 05:00:00,PANEL_02,-2.358285510391595,-2.074730028632814,-0.516043176352489
2026-08-08 05:00:00,PANEL_03,-2.351099303909607,-2.0744305165331585,-0.5183922405145834
2026-08-08 06:00:00,PANEL_01,-1.472483061855789,-0.22898476149314112,-0.35857135208344365
2026-08-08 06:00:00,PANEL_02,-1.4866164820654704,-0.22905374544787013,-0.35684733035503235
2026-08-08 06:00:00,PANEL_03,-1.5120359650019566,-0.22903773155819784,-0.35584340543829884
2026-08-08 07:00:00,PANEL_01,0.4138934593516255,-1.4156557626230906,-0.37916727091679625
2026-08-08 07:00:00,PANEL_02,0.5114698839057038,-1.4117074328467996,-0.4280060093617196
2026-08-08 07:00:00,PANEL_03,0.5490534387600093,-1.408499018789826,-0.43814864213776794
2026-08-08 08:00:00,PANEL_01,1.5267282442406023,-0.9105557170724651,-0.5147625528021716
2026-08-08 08:00:00,PANEL_02,1.7090685065783504,-0.8993174086200503,-0.5917438035476739
2026-08-08 08:00:00,PANEL_03,1.6772447961039934,-0.9011088566072988,-0.5679781604862247
2026-08-08 09:00:00,PANEL_01,2.3166017669471684,0.07141405541359648,-0.8986400607489188
2026-08-08 09:00:00,PANEL_02,2.4184586511263815,0.07786489078235483,-0.9658250216190754
2026-08-08 09:00:00,PANEL_03,2.2871361156437584,0.06933355447390314,-0.9102391237235073
2026-08-08 10:00:00,PANEL_01,2.9000361121328404,0.7544912694121155,-0.8840700849167284
2026-08-08 10:00:00,PANEL_02,3.1218247954904284,0.7690419832437262,-0.9936701290542288
2026-08-08 10:00:00,PANEL_03,3.054040246171525,0.7630119486568301,-0.9537387262056339
2026-08-08 11:00:00,PANEL_01,3.383707454890671,0.18422628637488575,-0.587831705552096
2026-08-08 11:00:00,PANEL_02,3.6637902044870385,0.2039886261045033,-0.7297688716294776
2026-08-08 11:00:00,PANEL_03,3.490844591628845,0.1919111356815862,-0.6438230369860308
2026-08-08 12:00:00,PANEL_01,3.7022678236865705,-0.9096149860705797,-0.1872045333367399
2026-08-08 12:00:00,PANEL_02,3.8577369974269122,-0.8970355133286867,-0.2904981260372471
2026-08-08 12:00:00,PANEL_03,3.881160097355205,-0.8973824908959583,-0.2697067665191065
2026-08-08 13:00:00,PANEL_01,3.762864386382676,-0.33116106203919315,0.03502785557885333
2026-08-08 13:00:00,PANEL_02,4.0180237475224825,-0.3143211182759993,-0.09654344904350722
2026-08-08 13:00:00,PANEL_03,3.9121762225044177,-0.32197327078924454,-0.03736514425859085
2026-08-08 14:00:00,PANEL_01,3.260551332657298,0.1633592840080847,0.27499001928883343
2026-08-08 14:00:00,PANEL_02,3.58757504333357,0.18121738607823257,0.13111385436950163
2026-08-08 14:00:00,PANEL_03,3.517220300542962,0.1756024490085219,0.17815455159353075
2026-08-08 15:00:00,PANEL_01,2.889278011042235,-0.1575387942313494,0.7408475975904427
2026-08-08 15:00:00,PANEL_02,2.924772613694816,-0.15485032239590954,0.6885895015669424
2026-08-08 15:00:00,PANEL_03,2.975664689565566,-0.14957317350662122,0.6827894359854735
2026-08-08 16:00:00,PANEL_01,2.1090768573625795,-2.1034951142605616,1.1413387369090182
2026-08-08 16:00:00,PANEL_02,2.217493868466916,-2.0985864843724564,1.085545781975339
2026-08-08 16:00:00,PANEL_03,2.092069283757197,-2.1043756909137783,1.124782285352745
2026-08-08 17:00:00,PANEL_01,0.7143844470574527,2.01941325615434,1.2120202845712678
2026-08-08 17:00:00,PANEL_02,0.7639731549974894,2.0246622397768625,1.1802753201005969
2026-08-08 17:00:00,PANEL_03,0.7533305633337537,2.022602990943995,1.1980407395768031
2026-08-08 18:00:00,PANEL_01,-0.9381516441774719,0.43373442808012835,1.4307195666371666
2026-08-08 18:00:00,PANEL_02,-0.931171219610026,0.43318915747266895,1.4330940565845187
2026-08-08 18:00:00,PANEL_03,-0.1424100561758843,0.5129312522084828,1.472066529354754
2026-08-08 19:00:00,PANEL_01,-1.89179514237009,1.3044104658831839,1.6156259130112054
2026-08-08 19:00:00,PANEL_02,-1.881255372863174,1.3048497502960124,1.6121806189068002
2026-08-08 19:00:00,PANEL_03,-1.8927533032343553,1.3043705309365632,1.6159391215661514
2026-08-08 20:00:00,PANEL_01,-1.9108928278477475,-1.0216051477857222,1.0297523172646776
2026-08-08 20:00:00,PANEL_02,-1.9362840907507726,-1.022663423871173,1.0380523439707448
2026-08-08 20:00:00,PANEL_03,-1.8912505301303126,-1.0207864813799963,1.023331541888286
2026-08-08 21:00:00,PANEL_01,-2.2403944975765393,0.10238535666931457,0.30122152265956165
2026-08-08 21:00:00,PANEL_02,-2.2557250714047807,0.10174639752338215,0.30623285953869656
2026-08-08 21:00:00,PANEL_03,-2.2753673691222156,0.10092773111765622,0.3126536349150882
2026-08-08 22:00:00,PANEL_01,-2.1776551352322557,-1.642857320434751,0.349095808340013
2026-08-08 22:00:00,PANEL_02,-2.1723852504787975,-1.6426376782283367,0.34737316128781043
2026-08-08 22:00:00,PANEL_03,-2.1283098507226024,-1.640800670683781,0.33296556776029756
2026-08-08 23:00:00,PANEL_01,-2.2490999168326202,-1.328013429371245,-0.0035317662200618194
2026-08-08 23:00:00,PANEL_02,-2.298924281774406,-1.3300900465955252,0.012755078637126636
2026-08-08 23:00:00,PANEL_03,-2.2395183081899694,-1.327614079905037,-0.006663851769521137
2026-08-09 00:00:00,PANEL_01,-2.427616117502836,0.7662854533907347,-0.12705572180101893
2026-08-09 00:00:00,PANEL_02,-2.412764624106727,0.7669044450633568,-0.13191045440268084
2026-08-09 00:00:00,PANEL_03,-2.377312672128918,0.7683820380883255,-0.14349917093568026
2026-08-09 01:00:00,PANEL_01,-2.611467526979972,1.3192692747642842,-0.7088692728568599
2026-08-09 01:00:00,PANEL_02,-2.63925419204366,1.3181111613122818,-0.6997862247634277
2026-08-09 01:00:00,PANEL_03,-2.6545847658719017,1.3174722021663492,-0.6947748878842928
2026-08-09 02:00:00,PANEL_01,-2.4852417113409153,-1.170877053762018,-0.48198256910826
2026-08-09 02:00:00,PANEL_02,-2.4507479202273714,-1.16943939568367,-0.49325807708631353
2026-08-09 02:00:00,PANEL_03,-2.4387709094240573,-1.1689402088509102,-0.4971731840231377
2026-08-09 03:00:00,PANEL_01,-2.5333493453623595,0.3394185556530418,-0.47819061328050183
2026-08-09 03:00:00,PANEL_02,-2.513227967212792,0.3402571895320781,-0.48476799293436634
2026-08-09 03:00:00,PANEL_03,-2.507958082459334,0.34047683173849236,-0.48649063998656894
2026-08-09 04:00:00,PANEL_01,-2.5668078308526687,-0.4976753088569398,-0.7779504182479869
2026-08-09 04:00:00,PANEL_02,-2.5773476003595848,-0.4981145932697683,-0.7745051241435817
2026-08-09 04:00:00,PANEL_03,-2.5577053026421503,-0.4972959268640424,-0.7809258995199733
2026-08-09 05:00:00,PANEL_01,-2.3816966255353154,-1.7276775893339584,-0.4677046920700202
2026-08-09 05:00:00,PANEL_02,-2.418585818809522,-1.729215084778858,-0.4556461627046019
2026-08-09 05:00:00,PANEL_03,-2.3582216843608204,-1.7266991831417493,-0.47537830166619555
2026-08-09 06:00:00,PANEL_01,-1.2153230765502858,-1.6242440454104399,0.06298133861914512
2026-08-09 06:00:00,PANEL_02,-1.2125685279080987,-1.6239067293983362,0.059755212532066886
2026-08-09 06:00:00,PANEL_03,-1.3017487227243987,-1.6274313280209616,0.08850029500172313
2026-08-09 07:00:00,PANEL_01,0.38039647195604603,-0.5572624898812267,-0.6320760345308315
2026-08-09 07:00:00,PANEL_02,0.3558595713527463,-0.5600274597813232,-0.649485715134883
2026-08-09 07:00:00,PANEL_03,0.39632660814863613,-0.5552397014497918,-0.6439080268848287
2026-08-09 08:00:00,PANEL_01,1.3351198481723388,0.09689663351046099,-0.8310453559367872
2026-08-09 08:00:00,PANEL_02,1.5238643228408502,0.10868348895716963,-0.9193689995365012
2026-08-09 08:00:00,PANEL_03,1.4829003168592734,0.10884321322044055,-0.8999454676080612
2026-08-09 09:00:00,PANEL_01,2.2968385637935116,0.12358367233191851,-0.643179397891916
2026-08-09 09:00:00,PANEL_02,2.458615246600453,0.13248089624650475,-0.7265435926501821
2026-08-09 09:00:00,PANEL_03,2.321748640453843,0.12539023757959716,-0.6657828996044122
2026-08-09 10:00:00,PANEL_01,2.950446180414768,-0.3826773113252099,-0.688145883403685
2026-08-09 10:00:00,PANEL_02,3.134406741718234,-0.3692153172451663,-0.7883384163311684
2026-08-09 10:00:00,PANEL_03,3.0769574809208637,-0.37115307964871574,-0.7641806033364136
2026-08-09 11:00:00,PANEL_01,3.675797378085446,-0.6845432752211461,-0.30509296995741064
2026-08-09 11:00:00,PANEL_02,3.736478431241148,-0.6772068082883097,-0.3747561884571609
2026-08-09 11:00:00,PANEL_03,3.829214626427034,-0.674197713758728,-0.38923351786092236
2026-08-09 12:00:00,PANEL_01,3.8125617553125135,-1.3641470825049378,0.08565421130901678
2026-08-09 12:00:00,PANEL_02,4.090081813512778,-1.3481382916023994,-0.043177871681801955
2026-08-09 12:00:00,PANEL_03,4.01647996282288,-1.3521739174946088,-0.005053824002074628
2026-08-09 13:00:00,PANEL_01,3.4703680141584536,0.9779591659636725,-0.20032843997669203
2026-08-09 13:00:00,PANEL_02,3.7226000948323428,0.9941250753572255,-0.32723007704131685
2026-08-09 13:00:00,PANEL_03,3.6453142105961507,0.988483726687561,-0.27699420308318584
2026-08-09 14:00:00,PANEL_01,3.326784675384919,-1.3634190108642732,0.1908252614616959
2026-08-09 14:00:00,PANEL_02,3.533410834394871,-1.349350856056362,0.08176651060452246
2026-08-09 14:00:00,PANEL_03,3.3309879323123512,-1.3595011075509058,0.15532309964791294
2026-08-09 15:00:00,PANEL_01,2.952399056206987,-0.5642047111113064,0.6881627922395466
2026-08-09 15:00:00,PANEL_02,2.9103524961057508,-0.5636548002296629,0.669263299969113
2026-08-09 15:00:00,PANEL_03,2.846305463003362,-0.5686227960249869,0.6977706066787726
2026-08-09 16:00:00,PANEL_01,1.7157650333171497,0.20759541127738543,0.6238792515180547
2026-08-09 16:00:00,PANEL_02,1.946468497799328,0.21892472074623262,0.5268928023482217
2026-08-09 16:00:00,PANEL_03,1.7639823945043056,0.2094043518837337,0.6017355961972348
2026-08-09 17:00:00,PANEL_01,0.9763527128487663,0.29717195638990024,1.0220243608664779
2026-08-09 17:00:00,PANEL_02,0.9021232982859888,0.29487239252340913,1.024252155981924
2026-08-09 17:00:00,PANEL_03,0.8979965900465224,0.29589091463793277,1.0378703029106948
2026-08-09 18:00:00,PANEL_01,-0.22258177229962423,1.225359348450334,1.2023956772272018
2026-08-09 18:00:00,PANEL_02,-0.2987588237349435,1.2221930176616442,1.2274572459116073
2026-08-09 18:00:00,PANEL_03,-1.040700618466005,1.145240544041218,1.1680826247915932
2026-08-09 19:00:00,PANEL_01,-2.0516517060223953,0.9038635215300516,1.0310152788615417
2026-08-09 19:00:00,PANEL_02,-2.033925730033491,0.9046023180425359,1.025220920595042
2026-08-09 19:00:00,PANEL_03,-2.043507338676142,0.9042029685763281,1.0283530061445012
2026-08-09 20:00:00,PANEL_01,-2.1141454763147642,0.5228974228101884,0.6587645497147262
2026-08-09 20:00:00,PANEL_02,-2.142411221810585,0.5217193418848755,0.6680042020856312
2026-08-09 20:00:00,PANEL_03,-2.1836121389739844,0.5200021391801821,0.6814721699483063
2026-08-09 21:00:00,PANEL_01,-1.7744180601718147,-2.6307662068095365,1.168958526535181
2026-08-09 21:00:00,PANEL_02,-1.8261587468421305,-2.6329226939270587,1.1858717885022612
2026-08-09 21:00:00,PANEL_03,-1.8204097816565394,-2.632683084247334,1.1839925371725855
2026-08-09 22:00:00,PANEL_01,-2.3520400541749518,0.46564300076318926,0.0639567033090449
2026-08-09 22:00:00,PANEL_02,-2.3046110913938285,0.4676197806209177,0.0484528798392213
2026-08-09 22:00:00,PANEL_03,-2.388929247449158,0.46410550531828937,0.0760152326744633
2026-08-09 23:00:00,PANEL_01,-2.3080920470779662,0.2245707103363692,-0.14423002493342715
2026-08-09 23:00:00,PANEL_02,-2.357916412019752,0.22249409311208884,-0.1279431800762388
2026-08-09 23:00:00,PANEL_03,-2.3780377901693193,0.22165545923305255,-0.12136580042237417
2026-08-10 00:00:00,PANEL_01,-2.46183793046366,-0.14107607319315668,-0.4130519757013974
2026-08-10 00:00:00,PANEL_02,-2.4536935631174064,-0.1407366261468801,-0.41571424841843785
2026-08-10 00:00:00,PANEL_03,-2.4479445979318157,-0.14049701646715546,-0.41759349974811344
2026-08-10 01:00:00,PANEL_01,-2.5939893113722183,0.9809845644521172,-0.6896467769572703
2026-08-10 01:00:00,PANEL_02,-2.5959056331007484,0.9809046945588757,-0.6890203598473784
2026-08-10 01:00:00,PANEL_03,-2.6074035634719297,0.9804254751994265,-0.6852618571880272
2026-08-10 02:00:00,PANEL_01,-2.549459937686749,0.10099452923275805,-0.6292470183121385
2026-08-10 02:00:00,PANEL_02,-2.5485017768224836,0.1010344641793788,-0.6295602268670845
2026-08-10 02:00:00,PANEL_03,-2.549459937686749,0.10099452923275805,-0.6292470183121385
2026-08-10 03:00:00,PANEL_01,-2.4837309779253767,-0.8020639897686808,-0.684531337872515
2026-08-10 03:00:00,PANEL_02,-2.4966661495929556,-0.8026031115480613,-0.6803030223807449
2026-08-10 03:00:00,PANEL_03,-2.581463386080418,-0.8061373543239999,-0.6525840652680299
2026-08-10 04:00:00,PANEL_01,-2.5711676196982727,0.13530009400809892,-0.7594284791533622
2026-08-10 04:00:00,PANEL_02,-2.582186469637321,0.13484084212196004,-0.7558265807714841
2026-08-10 04:00:00,PANEL_03,-2.5874563543907794,0.13462119991554575,-0.7541039337192814
2026-08-10 05:00:00,PANEL_01,-2.544677266118839,0.05020729275201946,-0.6083708289735575
2026-08-10 05:00:00,PANEL_02,-2.5087462337088975,0.051704853250298555,-0.62011614978403
2026-08-10 05:00:00,PANEL_03,-2.5130579575980905,0.05152514599050506,-0.6187067112867732
2026-08-10 06:00:00,PANEL_01,-1.4180727285351307,-0.5204057523459368,-0.25627156631334186
2026-08-10 06:00:00,PANEL_02,-1.344479625774942,-0.5171974327303432,-0.2806695298388862
2026-08-10 06:00:00,PANEL_03,-1.3169184229601034,-0.5170321353503149,-0.2847629169326341
2026-08-10 07:00:00,PANEL_01,0.5760953739989627,-2.1933678344993117,-0.39796648865432094
2026-08-10 07:00:00,PANEL_02,0.7575184168884346,-2.181577786195603,-0.45967574423070845
2026-08-10 07:00:00,PANEL_03,0.7026024431850798,-2.1851884171908416,-0.4392035132600972
2026-08-10 08:00:00,PANEL_01,1.2477205343914683,-0.3556483184532041,-0.9276033705815842
2026-08-10 08:00:00,PANEL_02,1.4005486457782006,-0.3454204093018977,-1.0040796501857023
2026-08-10 08:00:00,PANEL_03,1.2713908752401741,-0.351530484773472,-0.9516634201211357
2026-08-10 09:00:00,PANEL_01,2.2909526687961392,0.5546274793313651,-0.44466495249065063
2026-08-10 09:00:00,PANEL_02,2.479750315471171,0.5673865197941208,-0.5377069248033819
2026-08-10 09:00:00,PANEL_03,2.3763160662786533,0.5604595801668046,-0.49733034011980204
2026-08-10 10:00:00,PANEL_01,3.1976888421721794,-2.0543216227647205,-0.17154747143373622
2026-08-10 10:00:00,PANEL_02,3.4139949660242332,-2.0375169702279954,-0.2957602553299012
2026-08-10 10:00:00,PANEL_03,3.430071844157442,-2.04062976046805,-0.27497880998722185
2026-08-10 11:00:00,PANEL_01,3.5238541250089885,-1.216477732163389,-0.12479686390352404
2026-08-10 11:00:00,PANEL_02,3.9156275208206934,-1.1923805494269522,-0.28449016662732307
2026-08-10 11:00:00,PANEL_03,3.7465676048615406,-1.200466560198513,-0.2218043902803227
2026-08-10 12:00:00,PANEL_01,3.7877749684094355,-0.052193012511396304,-0.19245544854878002
2026-08-10 12:00:00,PANEL_02,3.9682082042151627,-0.04073845545039346,-0.2863205078140053
2026-08-10 12:00:00,PANEL_03,3.7897348825497144,-0.05067954654266855,-0.2213272499801274
2026-08-10 13:00:00,PANEL_01,3.680792271157519,0.656606280709789,0.3411451473078513
2026-08-10 13:00:00,PANEL_02,3.9842933434289076,0.6767168513972106,0.19458679404537965
2026-08-10 13:00:00,PANEL_03,3.8405742908389557,0.6665054664681621,0.2643116793576965
2026-08-10 14:00:00,PANEL_01,3.2531073477266754,-0.5114793382253409,0.33184026657863613
2026-08-10 14:00:00,PANEL_02,3.4649829696154346,-0.49732319057480384,0.2181312043261535
2026-08-10 14:00:00,PANEL_03,3.494790702122185,-0.4956651919851193,0.22290596269751548
2026-08-10 15:00:00,PANEL_01,2.6773559632921704,0.4358523329086716,0.39890879201673257
2026-08-10 15:00:00,PANEL_02,2.8588308040930333,0.4462977735617663,0.3061496838914787
2026-08-10 15:00:00,PANEL_03,2.682995107244047,0.4353333899111906,0.3716018802039671
2026-08-10 16:00:00,PANEL_01,1.9506588080468643,0.6960380192313101,0.8981296834800153
2026-08-10 16:00:00,PANEL_02,2.0230519861503478,0.7009594304663321,0.8471460363546408
2026-08-10 16:00:00,PANEL_03,1.9680442307190158,0.6981297903397401,0.8664413108403534
2026-08-10 17:00:00,PANEL_01,0.9285485048922578,-0.03809987316138768,1.0998460421990601
2026-08-10 17:00:00,PANEL_02,0.9862086452013623,-0.031952498779862774,1.0683469065512268
2026-08-10 17:00:00,PANEL_03,0.9014928234196034,-0.03696095436613497,1.08573379575195
2026-08-10 18:00:00,PANEL_01,-1.0386681601462076,0.4741256926416222,1.2620047566359103
2026-08-10 18:00:00,PANEL_02,-0.19080144779240688,0.5544173503254363,1.292736053341512
2026-08-10 18:00:00,PANEL_03,-0.9559745189320493,0.47700119270255176,1.2381533369300237
2026-08-10 19:00:00,PANEL_01,-1.7956194858703252,-0.9119774701472476,1.492709770955395
2026-08-10 19:00:00,PANEL_02,-1.777414429449288,-0.9112187061614528,1.4867588084114223
2026-08-10 19:00:00,PANEL_03,-1.8195735074769526,-0.912975843812767,1.500539984829043
2026-08-10 20:00:00,PANEL_01,-2.1528414121146655,1.4459518613213571,0.9081605432337901
2026-08-10 20:00:00,PANEL_02,-2.0958308406908914,1.4483279906452933,0.889524634214507
2026-08-10 20:00:00,PANEL_03,-2.1063706101978075,1.4478887062324648,0.8929699283189124
2026-08-10 21:00:00,PANEL_01,-2.3191252769184185,1.9240272248481824,0.4259689442900322
2026-08-10 21:00:00,PANEL_02,-2.3181671160541533,1.9240671597948031,0.4256557357350862
2026-08-10 21:00:00,PANEL_03,-2.2707381532730304,1.9260439396525317,0.4101519122652626
2026-08-10 22:00:00,PANEL_01,-2.181915296310997,-1.4493228600862091,0.3174261576352589
2026-08-10 22:00:00,PANEL_02,-2.114364955380307,-1.4465074463494445,0.2953449545115708
2026-08-10 22:00:00,PANEL_03,-2.1752081702611417,-1.4490433154598636,0.3152336977506374
2026-08-10 23:00:00,PANEL_01,-2.566500515078846,1.3638961243005991,-0.5435578834726376
2026-08-10 23:00:00,PANEL_02,-2.5894963758212084,1.3629376855817006,-0.5360408781539352
2026-08-10 23:00:00,PANEL_03,-2.5674586759431106,1.3638561893539782,-0.5432446749176917
