timestamp,panel_id,voltage_v,current_a,power_w,temperature_c,efficiency_pct
2026-08-01 00:00:00,PANEL_01,0.0,0.0,0.0,18.33,0.0
2026-08-01 00:00:00,PANEL_02,0.0,0.0,0.0,17.97,0.0
2026-08-01 00:00:00,PANEL_03,0.0,0.0,0.0,18.14,0.0
2026-08-01 01:00:00,PANEL_01,0.0,0.0,0.0,17.44,0.0
2026-08-01 01:00:00,PANEL_02,0.0,0.0,0.0,19.22,0.0
2026-08-01 01:00:00,PANEL_03,0.0,0.0,0.0,18.06,0.0
2026-08-01 02:00:00,PANEL_01,0.0,0.0,0.0,18.05,0.0
2026-08-01 02:00:00,PANEL_02,0.0,0.0,0.0,18.36,0.0
2026-08-01 02:00:00,PANEL_03,0.0,0.0,0.0,18.24,0.0
2026-08-01 03:00:00,PANEL_01,0.0,0.0,0.0,18.11,0.0
2026-08-01 03:00:00,PANEL_02,0.0,0.0,0.0,17.6,0.0
2026-08-01 03:00:00,PANEL_03,0.0,0.0,0.0,18.24,0.0
2026-08-01 04:00:00,PANEL_01,0.0,0.0,0.0,18.94,0.0
2026-08-01 04:00:00,PANEL_02,0.0,0.0,0.0,18.67,0.0
2026-08-01 04:00:00,PANEL_03,0.0,0.0,0.0,18.8,0.0
2026-08-01 05:00:00,PANEL_01,0.0,0.0,0.0,17.74,0.0
2026-08-01 05:00:00,PANEL_02,0.0,0.0,0.0,17.51,0.0
2026-08-01 05:00:00,PANEL_03,0.0,0.0,0.0,17.94,0.0
2026-08-01 06:00:00,PANEL_01,30.03,0.11,3.29,22.31,0.0
2026-08-01 06:00:00,PANEL_02,30.76,0.0,0.0,23.57,0.0
2026-08-01 06:00:00,PANEL_03,29.49,0.0,0.0,24.82,0.0
2026-08-01 07:00:00,PANEL_01,33.14,2.47,81.78,26.59,90.28
2026-08-01 07:00:00,PANEL_02,32.94,3.15,103.85,27.62,100.0
2026-08-01 07:00:00,PANEL_03,32.35,2.86,92.64,27.61,94.19
2026-08-01 08:00:00,PANEL_01,34.65,4.79,166.06,31.27,94.89
2026-08-01 08:00:00,PANEL_02,36.35,5.41,196.72,32.63,98.36
2026-08-01 08:00:00,PANEL_03,35.87,4.92,176.53,34.07,92.91
2026-08-01 09:00:00,PANEL_01,38.51,6.11,235.17,34.58,95.02
2026-08-01 09:00:00,PANEL_02,38.58,6.95,268.14,34.03,94.8
2026-08-01 09:00:00,PANEL_03,38.21,6.68,255.14,34.06,94.95
2026-08-01 10:00:00,PANEL_01,40.04,7.2,288.38,36.74,95.14
2026-08-01 10:00:00,PANEL_02,41.14,7.73,318.18,38.08,91.85
2026-08-01 10:00:00,PANEL_03,41.02,7.42,304.13,36.65,92.42
2026-08-01 11:00:00,PANEL_01,41.41,7.62,315.34,37.71,93.28
2026-08-01 11:00:00,PANEL_02,41.04,9.12,374.24,39.42,96.86
2026-08-01 11:00:00,PANEL_03,42.23,8.33,351.75,37.36,95.83
2026-08-01 12:00:00,PANEL_01,41.74,8.02,334.54,37.78,95.58
2026-08-01 12:00:00,PANEL_02,42.36,8.95,378.98,38.63,94.75
2026-08-01 12:00:00,PANEL_03,42.36,8.57,362.88,38.64,95.5
2026-08-01 13:00:00,PANEL_01,42.17,7.51,316.61,39.1,93.65
2026-08-01 13:00:00,PANEL_02,41.89,8.73,365.76,38.82,94.66
2026-08-01 13:00:00,PANEL_03,40.97,8.6,352.48,38.3,96.03
2026-08-01 14:00:00,PANEL_01,40.13,7.28,292.16,36.29,96.39
2026-08-01 14:00:00,PANEL_02,39.69,8.14,322.91,37.6,93.22
2026-08-01 14:00:00,PANEL_03,39.75,8.04,319.61,34.91,97.12
2026-08-01 15:00:00,PANEL_01,39.33,6.0,235.94,34.51,95.34
2026-08-01 15:00:00,PANEL_02,38.21,7.07,270.23,34.57,95.54
2026-08-01 15:00:00,PANEL_03,39.04,6.55,255.71,34.76,95.17
2026-08-01 16:00:00,PANEL_01,35.82,4.64,166.05,31.81,94.88
2026-08-01 16:00:00,PANEL_02,35.14,5.27,185.26,32.24,92.63
2026-08-01 16:00:00,PANEL_03,36.09,4.98,179.84,31.52,94.65
2026-08-01 17:00:00,PANEL_01,33.28,2.53,84.26,27.1,93.02
2026-08-01 17:00:00,PANEL_02,33.2,2.86,95.1,28.29,91.86
2026-08-01 17:00:00,PANEL_03,32.25,3.0,96.75,28.35,98.38
2026-08-01 18:00:00,PANEL_01,30.13,0.1,2.96,25.67,100.0
2026-08-01 18:00:00,PANEL_02,30.51,0.0,0.0,22.72,0.0
2026-08-01 18:00:00,PANEL_03,29.69,0.0,0.08,24.52,100.0
2026-08-01 19:00:00,PANEL_01,0.0,0.0,0.0,17.64,0.0
2026-08-01 19:00:00,PANEL_02,0.0,0.0,0.0,18.09,0.0
2026-08-01 19:00:00,PANEL_03,0.0,0.0,0.0,17.62,0.0
2026-08-01 20:00:00,PANEL_01,0.0,0.0,0.0,17.69,0.0
2026-08-01 20:00:00,PANEL_02,0.0,0.0,0.0,17.3,0.0
2026-08-01 20:00:00,PANEL_03,0.0,0.0,0.0,17.54,0.0
2026-08-01 21:00:00,PANEL_01,0.0,0.0,0.0,17.32,0.0
2026-08-01 21:00:00,PANEL_02,0.0,0.0,0.0,17.51,0.0
2026-08-01 21:00:00,PANEL_03,0.0,0.0,0.0,18.53,0.0
2026-08-01 22:00:00,PANEL_01,0.0,0.0,0.0,17.53,0.0
2026-08-01 22:00:00,PANEL_02,0.0,0.0,0.0,19.32,0.0
2026-08-01 22:00:00,PANEL_03,0.0,0.0,0.0,18.25,0.0
2026-08-01 23:00:00,PANEL_01,0.0,0.0,0.0,18.09,0.0
2026-08-01 23:00:00,PANEL_02,0.0,0.0,0.0,17.57,0.0
2026-08-01 23:00:00,PANEL_03,0.0,0.0,0.0,18.35,0.0
2026-08-02 00:00:00,PANEL_01,0.0,0.0,0.0,17.71,0.0
2026-08-02 00:00:00,PANEL_02,0.0,0.0,0.0,18.06,0.0
2026-08-02 00:00:00,PANEL_03,0.0,0.0,0.0,19.28,0.0
2026-08-02 01:00:00,PANEL_01,0.0,0.0,0.0,17.95,0.0
2026-08-02 01:00:00,PANEL_02,0.0,0.0,0.0,18.57,0.0
2026-08-02 01:00:00,PANEL_03,0.0,0.0,0.0,17.65,0.0
2026-08-02 02:00:00,PANEL_01,0.0,0.0,0.0,17.98,0.0
2026-08-02 02:00:00,PANEL_02,0.0,0.0,0.0,18.89,0.0
2026-08-02 02:00:00,PANEL_03,0.0,0.0,0.0,17.69,0.0
2026-08-02 03:00:00,PANEL_01,0.0,0.0,0.0,18.91,0.0
2026-08-02 03:00:00,PANEL_02,0.0,0.0,0.0,18.35,0.0
2026-08-02 03:00:00,PANEL_03,0.0,0.0,0.0,17.72,0.0
2026-08-02 04:00:00,PANEL_01,0.0,0.0,0.0,18.32,0.0
2026-08-02 04:00:00,PANEL_02,0.0,0.0,0.0,18.49,0.0
2026-08-02 04:00:00,PANEL_03,0.0,0.0,0.0,18.31,0.0
2026-08-02 05:00:00,PANEL_01,0.0,0.0,0.0,17.21,0.0
2026-08-02 05:00:00,PANEL_02,0.0,0.0,0.0,17.64,0.0
2026-08-02 05:00:00,PANEL_03,0.0,0.0,0.0,17.88,0.0
2026-08-02 06:00:00,PANEL_01,29.96,0.06,1.86,24.18,0.0
2026-08-02 06:00:00,PANEL_02,29.33,0.04,1.12,24.61,0.0
2026-08-02 06:00:00,PANEL_03,30.28,0.11,3.27,24.83,0.0
2026-08-02 07:00:00,PANEL_01,33.34,2.57,85.82,26.22,94.74
2026-08-02 07:00:00,PANEL_02,33.32,2.97,99.04,28.15,95.67
2026-08-02 07:00:00,PANEL_03,32.47,2.77,89.92,28.94,91.43
2026-08-02 08:00:00,PANEL_01,35.98,4.69,168.7,31.53,96.4
2026-08-02 08:00:00,PANEL_02,36.01,5.37,193.38,30.98,96.69
2026-08-02 08:00:00,PANEL_03,36.05,4.96,178.83,31.07,94.12
2026-08-02 09:00:00,PANEL_01,38.33,6.16,235.96,34.13,95.34
2026-08-02 09:00:00,PANEL_02,39.11,6.78,265.2,34.42,93.76
2026-08-02 09:00:00,PANEL_03,38.27,6.82,260.8,34.8,97.06
2026-08-02 10:00:00,PANEL_01,40.91,6.89,281.88,37.26,93.0
2026-08-02 10:00:00,PANEL_02,40.84,8.07,329.43,38.06,95.1
2026-08-02 10:00:00,PANEL_03,40.13,7.93,318.29,39.29,96.72
2026-08-02 11:00:00,PANEL_01,41.41,7.71,319.33,39.94,94.45
2026-08-02 11:00:00,PANEL_02,42.38,8.61,364.84,38.07,94.43
2026-08-02 11:00:00,PANEL_03,41.45,8.28,343.13,37.57,93.48
2026-08-02 12:00:00,PANEL_01,41.5,7.94,329.31,38.97,94.09
2026-08-02 12:00:00,PANEL_02,42.12,9.18,386.53,38.0,96.63
2026-08-02 12:00:00,PANEL_03,42.49,8.47,360.09,38.95,94.76
2026-08-02 13:00:00,PANEL_01,41.93,7.55,316.46,38.87,93.61
2026-08-02 13:00:00,PANEL_02,41.67,8.86,369.1,38.78,95.53
2026-08-02 13:00:00,PANEL_03,42.82,8.08,345.97,37.96,94.26
2026-08-02 14:00:00,PANEL_01,40.08,7.13,285.73,36.35,94.27
2026-08-02 14:00:00,PANEL_02,40.99,8.17,334.91,36.42,96.68
2026-08-02 14:00:00,PANEL_03,39.98,7.87,314.52,36.44,95.57
2026-08-02 15:00:00,PANEL_01,38.8,6.08,235.9,33.09,95.32
2026-08-02 15:00:00,PANEL_02,39.26,7.02,275.75,33.99,97.49
2026-08-02 15:00:00,PANEL_03,38.29,6.69,256.36,34.94,95.41
2026-08-02 16:00:00,PANEL_01,36.33,4.78,173.55,31.32,99.17
2026-08-02 16:00:00,PANEL_02,35.6,5.2,185.09,30.77,92.54
2026-08-02 16:00:00,PANEL_03,35.98,5.2,186.96,30.98,98.4
2026-08-02 17:00:00,PANEL_01,33.22,2.59,86.0,29.07,94.94
2026-08-02 17:00:00,PANEL_02,34.37,2.81,96.53,27.39,93.24
2026-08-02 17:00:00,PANEL_03,33.63,2.85,95.73,29.73,97.33
2026-08-02 18:00:00,PANEL_01,30.29,0.0,0.0,24.59,0.0
2026-08-02 18:00:00,PANEL_02,30.55,0.08,2.51,24.51,100.0
2026-08-02 18:00:00,PANEL_03,30.53,0.12,3.57,25.38,100.0
2026-08-02 19:00:00,PANEL_01,0.0,0.0,0.0,18.32,0.0
2026-08-02 19:00:00,PANEL_02,0.0,0.0,0.0,17.92,0.0
2026-08-02 19:00:00,PANEL_03,0.0,0.0,0.0,18.07,0.0
2026-08-02 20:00:00,PANEL_01,0.0,0.0,0.0,18.6,0.0
2026-08-02 20:00:00,PANEL_02,0.0,0.0,0.0,17.59,0.0
2026-08-02 20:00:00,PANEL_03,0.0,0.0,0.0,18.18,0.0
2026-08-02 21:00:00,PANEL_01,0.0,0.0,0.0,17.8,0.0
2026-08-02 21:00:00,PANEL_02,0.0,0.0,0.0,18.01,0.0
2026-08-02 21:00:00,PANEL_03,0.0,0.0,0.0,18.64,0.0
2026-08-02 22:00:00,PANEL_01,0.0,0.0,0.0,18.1,0.0
2026-08-02 22:00:00,PANEL_02,0.0,0.0,0.0,18.02,0.0
2026-08-02 22:00:00,PANEL_03,0.0,0.0,0.0,17.32,0.0
2026-08-02 23:00:00,PANEL_01,0.0,0.0,0.0,18.37,0.0
2026-08-02 23:00:00,PANEL_02,0.0,0.0,0.0,18.32,0.0
2026-08-02 23:00:00,PANEL_03,0.0,0.0,0.0,19.08,0.0
2026-08-03 00:00:00,PANEL_01,0.0,0.0,0.0,17.85,0.0
2026-08-03 00:00:00,PANEL_02,0.0,0.0,0.0,18.11,0.0
2026-08-03 00:00:00,PANEL_03,0.0,0.0,0.0,18.12,0.0
2026-08-03 01:00:00,PANEL_01,0.0,0.0,0.0,18.79,0.0
2026-08-03 01:00:00,PANEL_02,0.0,0.0,0.0,17.95,0.0
2026-08-03 01:00:00,PANEL_03,0.0,0.0,0.0,18.14,0.0
2026-08-03 02:00:00,PANEL_01,0.0,0.0,0.0,18.3,0.0
2026-08-03 02:00:00,PANEL_02,0.0,0.0,0.0,18.09,0.0
2026-08-03 02:00:00,PANEL_03,0.0,0.0,0.0,17.78,0.0
2026-08-03 03:00:00,PANEL_01,0.0,0.0,0.0,18.1,0.0
2026-08-03 03:00:00,PANEL_02,0.0,0.0,0.0,18.54,0.0
2026-08-03 03:00:00,PANEL_03,0.0,0.0,0.0,17.49,0.0
2026-08-03 04:00:00,PANEL_01,0.0,0.0,0.0,18.07,0.0
2026-08-03 04:00:00,PANEL_02,0.0,0.0,0.0,17.65,0.0
2026-08-03 04:00:00,PANEL_03,0.0,0.0,0.0,18.6,0.0
2026-08-03 05:00:00,PANEL_01,0.0,0.0,0.0,17.24,0.0
2026-08-03 05:00:00,PANEL_02,0.0,0.0,0.0,17.72,0.0
2026-08-03 05:00:00,PANEL_03,0.0,0.0,0.0,18.19,0.0
2026-08-03 06:00:00,PANEL_01,30.78,0.0,0.0,23.44,0.0
2026-08-03 06:00:00,PANEL_02,30.94,0.0,0.0,21.8,0.0
2026-08-03 06:00:00,PANEL_03,30.22,0.0,0.0,22.98,0.0
2026-08-03 07:00:00,PANEL_01,33.46,2.6,86.87,27.32,95.9
2026-08-03 07:00:00,PANEL_02,32.47,3.12,101.18,28.53,97.74
2026-08-03 07:00:00,PANEL_03,33.06,3.01,99.54,26.81,100.0
2026-08-03 08:00:00,PANEL_01,35.24,4.65,163.81,31.45,93.61
2026-08-03 08:00:00,PANEL_02,36.12,5.24,189.13,31.85,94.56
2026-08-03 08:00:00,PANEL_03,35.37,5.25,185.61,31.42,97.69
2026-08-03 09:00:00,PANEL_01,39.04,6.06,236.45,35.06,95.54
2026-08-03 09:00:00,PANEL_02,38.77,6.98,270.44,35.25,95.61
2026-08-03 09:00:00,PANEL_03,39.15,6.54,256.03,35.32,95.29
2026-08-03 10:00:00,PANEL_01,40.35,7.28,293.76,36.31,96.92
2026-08-03 10:00:00,PANEL_02,41.29,7.97,328.92,35.56,94.95
2026-08-03 10:00:00,PANEL_03,40.46,7.66,309.88,37.83,94.16
2026-08-03 11:00:00,PANEL_01,41.26,7.74,319.33,36.6,94.46
2026-08-03 11:00:00,PANEL_02,41.36,8.63,357.03,36.9,92.4
2026-08-03 11:00:00,PANEL_03,41.97,8.39,352.0,38.91,95.9
2026-08-03 12:00:00,PANEL_01,41.52,8.0,332.3,39.0,94.94
2026-08-03 12:00:00,PANEL_02,41.42,9.32,386.23,39.88,96.56
2026-08-03 12:00:00,PANEL_03,41.89,8.62,361.11,39.21,95.03
2026-08-03 13:00:00,PANEL_01,40.57,7.89,320.17,37.81,94.7
2026-08-03 13:00:00,PANEL_02,41.09,8.9,365.9,40.29,94.7
2026-08-03 13:00:00,PANEL_03,41.91,8.26,346.31,39.06,94.35
2026-08-03 14:00:00,PANEL_01,41.09,7.1,291.75,37.05,96.25
2026-08-03 14:00:00,PANEL_02,40.07,8.28,331.89,37.38,95.81
2026-08-03 14:00:00,PANEL_03,40.84,7.72,315.23,38.04,95.79
2026-08-03 15:00:00,PANEL_01,38.22,6.28,240.15,34.8,97.03
2026-08-03 15:00:00,PANEL_02,39.52,6.73,265.98,36.34,94.04
2026-08-03 15:00:00,PANEL_03,38.58,6.55,252.75,34.12,94.06
2026-08-03 16:00:00,PANEL_01,35.84,4.68,167.77,32.02,95.87
2026-08-03 16:00:00,PANEL_02,35.71,5.32,189.91,33.64,94.96
2026-08-03 16:00:00,PANEL_03,36.86,4.94,182.11,31.54,95.85
2026-08-03 17:00:00,PANEL_01,33.17,2.66,88.09,26.86,97.25
2026-08-03 17:00:00,PANEL_02,32.98,2.82,92.85,28.28,89.68
2026-08-03 17:00:00,PANEL_03,33.43,2.75,91.82,29.46,93.36
2026-08-03 18:00:00,PANEL_01,29.39,0.0,0.0,24.22,0.0
2026-08-03 18:00:00,PANEL_02,30.52,0.17,5.14,23.54,100.0
2026-08-03 18:00:00,PANEL_03,30.54,0.0,0.0,23.83,0.0
2026-08-03 19:00:00,PANEL_01,0.0,0.0,0.0,18.44,0.0
2026-08-03 19:00:00,PANEL_02,0.0,0.0,0.0,18.33,0.0
2026-08-03 19:00:00,PANEL_03,0.0,0.0,0.0,17.21,0.0
2026-08-03 20:00:00,PANEL_01,0.0,0.0,0.0,18.74,0.0
2026-08-03 20:00:00,PANEL_02,0.0,0.0,0.0,18.69,0.0
2026-08-03 20:00:00,PANEL_03,0.0,0.0,0.0,17.69,0.0
2026-08-03 21:00:00,PANEL_01,0.0,0.0,0.0,18.2,0.0
2026-08-03 21:00:00,PANEL_02,0.0,0.0,0.0,18.25,0.0
2026-08-03 21:00:00,PANEL_03,0.0,0.0,0.0,18.13,0.0
2026-08-03 22:00:00,PANEL_01,0.0,0.0,0.0,17.72,0.0
2026-08-03 22:00:00,PANEL_02,0.0,0.0,0.0,17.66,0.0
2026-08-03 22:00:00,PANEL_03,0.0,0.0,0.0,17.99,0.0
2026-08-03 23:00:00,PANEL_01,0.0,0.0,0.0,18.59,0.0
2026-08-03 23:00:00,PANEL_02,0.0,0.0,0.0,18.27,0.0
2026-08-03 23:00:00,PANEL_03,0.0,0.0,0.0,17.81,0.0
2026-08-04 00:00:00,PANEL_01,0.0,0.0,0.0,18.39,0.0
2026-08-04 00:00:00,PANEL_02,0.0,0.0,0.0,16.58,0.0
2026-08-04 00:00:00,PANEL_03,0.0,0.0,0.0,18.57,0.0
2026-08-04 01:00:00,PANEL_01,0.0,0.0,0.0,17.13,0.0
2026-08-04 01:00:00,PANEL_02,0.0,0.0,0.0,17.82,0.0
2026-08-04 01:00:00,PANEL_03,0.0,0.0,0.0,17.44,0.0
2026-08-04 02:00:00,PANEL_01,0.0,0.0,0.0,17.35,0.0
2026-08-04 02:00:00,PANEL_02,0.0,0.0,0.0,18.58,0.0
2026-08-04 02:00:00,PANEL_03,0.0,0.0,0.0,17.77,0.0
2026-08-04 03:00:00,PANEL_01,0.0,0.0,0.0,18.17,0.0
2026-08-04 03:00:00,PANEL_02,0.0,0.0,0.0,17.98,0.0
2026-08-04 03:00:00,PANEL_03,0.0,0.0,0.0,18.24,0.0
2026-08-04 04:00:00,PANEL_01,0.0,0.0,0.0,18.04,0.0
2026-08-04 04:00:00,PANEL_02,0.0,0.0,0.0,17.36,0.0
2026-08-04 04:00:00,PANEL_03,0.0,0.0,0.0,18.5,0.0
2026-08-04 05:00:00,PANEL_01,0.0,0.0,0.0,17.75,0.0
2026-08-04 05:00:00,PANEL_02,0.0,0.0,0.0,17.22,0.0
2026-08-04 05:00:00,PANEL_03,0.0,0.0,0.0,17.79,0.0
2026-08-04 06:00:00,PANEL_01,30.75,0.09,2.61,23.65,0.0
2026-08-04 06:00:00,PANEL_02,29.83,0.0,0.0,26.08,0.0
2026-08-04 06:00:00,PANEL_03,30.19,0.04,1.3,25.03,0.0
2026-08-04 07:00:00,PANEL_01,33.23,2.56,85.2,27.69,94.05
2026-08-04 07:00:00,PANEL_02,33.07,2.97,98.23,28.61,94.88
2026-08-04 07:00:00,PANEL_03,33.13,2.89,95.86,27.8,97.47
2026-08-04 08:00:00,PANEL_01,36.04,4.41,159.05,32.42,90.88
2026-08-04 08:00:00,PANEL_02,36.17,5.35,193.61,28.6,96.81
2026-08-04 08:00:00,PANEL_03,37.04,4.86,179.98,32.61,94.73
2026-08-04 09:00:00,PANEL_01,37.97,6.25,237.44,33.55,95.94
2026-08-04 09:00:00,PANEL_02,38.17,7.23,276.01,34.42,97.58
2026-08-04 09:00:00,PANEL_03,38.59,6.7,258.62,35.1,96.25
2026-08-04 10:00:00,PANEL_01,40.47,7.15,289.43,39.39,95.49
2026-08-04 10:00:00,PANEL_02,40.36,8.17,329.9,38.04,95.23
2026-08-04 10:00:00,PANEL_03,40.95,7.75,317.5,37.63,96.48
2026-08-04 11:00:00,PANEL_01,41.02,7.99,327.87,37.34,96.98
2026-08-04 11:00:00,PANEL_02,41.74,8.72,363.9,38.42,94.19
2026-08-04 11:00:00,PANEL_03,41.76,8.38,350.04,38.91,95.37
2026-08-04 12:00:00,PANEL_01,42.81,7.81,334.44,38.76,95.55
2026-08-04 12:00:00,PANEL_02,42.48,9.06,385.05,37.77,96.26
2026-08-04 12:00:00,PANEL_03,42.3,8.6,363.97,38.7,95.78
2026-08-04 13:00:00,PANEL_01,42.28,7.58,320.54,38.61,94.81
2026-08-04 13:00:00,PANEL_02,41.5,8.85,367.12,37.39,95.02
2026-08-04 13:00:00,PANEL_03,40.87,8.69,355.22,37.64,96.78
2026-08-04 14:00:00,PANEL_01,39.9,7.0,279.36,36.35,92.17
2026-08-04 14:00:00,PANEL_02,39.73,8.45,335.61,38.0,96.88
2026-08-04 14:00:00,PANEL_03,40.05,8.03,321.66,37.97,97.74
2026-08-04 15:00:00,PANEL_01,38.32,5.89,225.53,36.9,91.13
2026-08-04 15:00:00,PANEL_02,37.79,6.95,262.48,35.63,92.8
2026-08-04 15:00:00,PANEL_03,39.71,6.57,260.76,35.17,97.05
2026-08-04 16:00:00,PANEL_01,36.3,4.67,169.35,32.26,96.77
2026-08-04 16:00:00,PANEL_02,36.14,5.27,190.38,31.44,95.19
2026-08-04 16:00:00,PANEL_03,35.62,5.04,179.5,29.81,94.47
2026-08-04 17:00:00,PANEL_01,33.06,2.5,82.79,26.78,91.39
2026-08-04 17:00:00,PANEL_02,33.2,3.1,102.97,28.8,99.46
2026-08-04 17:00:00,PANEL_03,32.32,2.79,90.24,28.82,91.75
2026-08-04 18:00:00,PANEL_01,29.51,0.0,0.0,24.55,0.0
2026-08-04 18:00:00,PANEL_02,29.52,0.01,0.31,22.67,100.0
2026-08-04 18:00:00,PANEL_03,29.7,0.03,0.95,22.41,100.0
2026-08-04 19:00:00,PANEL_01,0.0,0.0,0.0,18.22,0.0
2026-08-04 19:00:00,PANEL_02,0.0,0.0,0.0,17.99,0.0
2026-08-04 19:00:00,PANEL_03,0.0,0.0,0.0,18.28,0.0
2026-08-04 20:00:00,PANEL_01,0.0,0.0,0.0,18.11,0.0
2026-08-04 20:00:00,PANEL_02,0.0,0.0,0.0,18.68,0.0
2026-08-04 20:00:00,PANEL_03,0.0,0.0,0.0,18.06,0.0
2026-08-04 21:00:00,PANEL_01,0.0,0.0,0.0,17.79,0.0
2026-08-04 21:00:00,PANEL_02,0.0,0.0,0.0,18.06,0.0
2026-08-04 21:00:00,PANEL_03,0.0,0.0,0.0,18.27,0.0
2026-08-04 22:00:00,PANEL_01,0.0,0.0,0.0,18.02,0.0
2026-08-04 22:00:00,PANEL_02,0.0,0.0,0.0,18.02,0.0
2026-08-04 22:00:00,PANEL_03,0.0,0.0,0.0,17.65,0.0
2026-08-04 23:00:00,PANEL_01,0.0,0.0,0.0,17.67,0.0
2026-08-04 23:00:00,PANEL_02,0.0,0.0,0.0,17.3,0.0
2026-08-04 23:00:00,PANEL_03,0.0,0.0,0.0,18.87,0.0
2026-08-05 00:00:00,PANEL_01,0.0,0.0,0.0,17.38,0.0
2026-08-05 00:00:00,PANEL_02,0.0,0.0,0.0,17.65,0.0
2026-08-05 00:00:00,PANEL_03,0.0,0.0,0.0,17.64,0.0
2026-08-05 01:00:00,PANEL_01,0.0,0.0,0.0,18.45,0.0
2026-08-05 01:00:00,PANEL_02,0.0,0.0,0.0,17.85,0.0
2026-08-05 01:00:00,PANEL_03,0.0,0.0,0.0,18.62,0.0
2026-08-05 02:00:00,PANEL_01,0.0,0.0,0.0,17.66,0.0
2026-08-05 02:00:00,PANEL_02,0.0,0.0,0.0,18.14,0.0
2026-08-05 02:00:00,PANEL_03,0.0,0.0,0.0,17.58,0.0
2026-08-05 03:00:00,PANEL_01,0.0,0.0,0.0,19.07,0.0
2026-08-05 03:00:00,PANEL_02,0.0,0.0,0.0,17.41,0.0
2026-08-05 03:00:00,PANEL_03,0.0,0.0,0.0,18.15,0.0
2026-08-05 04:00:00,PANEL_01,0.0,0.0,0.0,18.32,0.0
2026-08-05 04:00:00,PANEL_02,0.0,0.0,0.0,18.21,0.0
2026-08-05 04:00:00,PANEL_03,0.0,0.0,0.0,17.91,0.0
2026-08-05 05:00:00,PANEL_01,0.0,0.0,0.0,17.94,0.0
2026-08-05 05:00:00,PANEL_02,0.0,0.0,0.0,18.02,0.0
2026-08-05 05:00:00,PANEL_03,0.0,0.0,0.0,17.93,0.0
2026-08-05 06:00:00,PANEL_01,30.48,0.22,6.74,23.44,0.0
2026-08-05 06:00:00,PANEL_02,29.32,0.0,0.0,26.58,0.0
2026-08-05 06:00:00,PANEL_03,29.6,0.16,4.85,25.68,0.0
2026-08-05 07:00:00,PANEL_01,32.83,2.68,87.93,29.51,97.06
2026-08-05 07:00:00,PANEL_02,32.92,2.97,97.68,27.3,94.35
2026-08-05 07:00:00,PANEL_03,32.6,2.8,91.32,26.66,92.85
2026-08-05 08:00:00,PANEL_01,36.02,4.54,163.48,31.73,93.42
2026-08-05 08:00:00,PANEL_02,35.22,5.43,191.17,32.33,95.58
2026-08-05 08:00:00,PANEL_03,35.0,5.19,181.81,32.73,95.69
2026-08-05 09:00:00,PANEL_01,37.88,6.37,241.45,35.03,97.56
2026-08-05 09:00:00,PANEL_02,38.13,7.04,268.49,35.16,94.92
2026-08-05 09:00:00,PANEL_03,38.52,6.68,257.34,33.69,95.77
2026-08-05 10:00:00,PANEL_01,40.48,6.97,282.23,36.88,93.11
2026-08-05 10:00:00,PANEL_02,39.94,8.17,326.15,38.23,94.15
2026-08-05 10:00:00,PANEL_03,40.94,7.7,315.13,35.9,95.76
2026-08-05 11:00:00,PANEL_01,41.43,7.87,326.2,38.63,96.49
2026-08-05 11:00:00,PANEL_02,42.75,8.63,368.73,38.68,95.44
2026-08-05 11:00:00,PANEL_03,41.44,8.43,349.25,38.34,95.15
2026-08-05 12:00:00,PANEL_01,42.35,7.95,336.55,38.21,96.16
2026-08-05 12:00:00,PANEL_02,41.33,9.01,372.41,39.51,93.1
2026-08-05 12:00:00,PANEL_03,41.45,8.49,352.08,39.39,92.65
2026-08-05 13:00:00,PANEL_01,42.84,7.5,321.14,39.33,94.99
2026-08-05 13:00:00,PANEL_02,41.63,8.81,366.64,39.41,94.89
2026-08-05 13:00:00,PANEL_03,41.45,8.44,349.81,38.81,95.3
2026-08-05 14:00:00,PANEL_01,40.06,7.29,291.93,36.82,96.31
2026-08-05 14:00:00,PANEL_02,40.01,8.28,331.24,36.09,95.62
2026-08-05 14:00:00,PANEL_03,40.41,7.74,312.6,38.08,94.99
2026-08-05 15:00:00,PANEL_01,38.72,6.07,235.02,35.42,94.96
2026-08-05 15:00:00,PANEL_02,39.18,6.91,270.89,34.62,95.77
2026-08-05 15:00:00,PANEL_03,37.83,6.64,251.24,34.3,93.5
2026-08-05 16:00:00,PANEL_01,35.7,4.64,165.58,31.56,94.62
2026-08-05 16:00:00,PANEL_02,36.26,5.23,189.74,31.99,94.87
2026-08-05 16:00:00,PANEL_03,36.03,4.81,173.38,30.56,91.25
2026-08-05 17:00:00,PANEL_01,33.03,2.48,82.06,28.48,90.59
2026-08-05 17:00:00,PANEL_02,33.87,3.03,102.48,27.67,98.99
2026-08-05 17:00:00,PANEL_03,33.85,2.77,93.94,27.55,95.51
2026-08-05 18:00:00,PANEL_01,29.69,0.0,0.0,23.61,0.0
2026-08-05 18:00:00,PANEL_02,30.09,0.02,0.48,24.0,100.0
2026-08-05 18:00:00,PANEL_03,30.22,0.12,3.6,24.95,100.0
2026-08-05 19:00:00,PANEL_01,0.0,0.0,0.0,17.26,0.0
2026-08-05 19:00:00,PANEL_02,0.0,0.0,0.0,16.72,0.0
2026-08-05 19:00:00,PANEL_03,0.0,0.0,0.0,18.47,0.0
2026-08-05 20:00:00,PANEL_01,0.0,0.0,0.0,17.32,0.0
2026-08-05 20:00:00,PANEL_02,0.0,0.0,0.0,17.89,0.0
2026-08-05 20:00:00,PANEL_03,0.0,0.0,0.0,17.41,0.0
2026-08-05 21:00:00,PANEL_01,0.0,0.0,0.0,17.1,0.0
2026-08-05 21:00:00,PANEL_02,0.0,0.0,0.0,18.27,0.0
2026-08-05 21:00:00,PANEL_03,0.0,0.0,0.0,18.38,0.0
2026-08-05 22:00:00,PANEL_01,0.0,0.0,0.0,17.71,0.0
2026-08-05 22:00:00,PANEL_02,0.0,0.0,0.0,16.7,0.0
2026-08-05 22:00:00,PANEL_03,0.0,0.0,0.0,17.73,0.0
2026-08-05 23:00:00,PANEL_01,0.0,0.0,0.0,18.2,0.0
2026-08-05 23:00:00,PANEL_02,0.0,0.0,0.0,17.26,0.0
2026-08-05 23:00:00,PANEL_03,0.0,0.0,0.0,18.09,0.0
2026-08-06 00:00:00,PANEL_01,0.0,0.0,0.0,17.99,0.0
2026-08-06 00:00:00,PANEL_02,0.0,0.0,0.0,18.29,0.0
2026-08-06 00:00:00,PANEL_03,0.0,0.0,0.0,18.06,0.0
2026-08-06 01:00:00,PANEL_01,0.0,0.0,0.0,17.51,0.0
2026-08-06 01:00:00,PANEL_02,0.0,0.0,0.0,18.6,0.0
2026-08-06 01:00:00,PANEL_03,0.0,0.0,0.0,17.92,0.0
2026-08-06 02:00:00,PANEL_01,0.0,0.0,0.0,17.99,0.0
2026-08-06 02:00:00,PANEL_02,0.0,0.0,0.0,17.53,0.0
2026-08-06 02:00:00,PANEL_03,0.0,0.0,0.0,17.78,0.0
2026-08-06 03:00:00,PANEL_01,0.0,0.0,0.0,17.56,0.0
2026-08-06 03:00:00,PANEL_02,0.0,0.0,0.0,17.91,0.0
2026-08-06 03:00:00,PANEL_03,0.0,0.0,0.0,18.86,0.0
2026-08-06 04:00:00,PANEL_01,0.0,0.0,0.0,17.31,0.0
2026-08-06 04:00:00,PANEL_02,0.0,0.0,0.0,17.19,0.0
2026-08-06 04:00:00,PANEL_03,0.0,0.0,0.0,18.74,0.0
2026-08-06 05:00:00,PANEL_01,0.0,0.0,0.0,17.9,0.0
2026-08-06 05:00:00,PANEL_02,0.0,0.0,0.0,17.67,0.0
2026-08-06 05:00:00,PANEL_03,0.0,0.0,0.0,18.52,0.0
2026-08-06 06:00:00,PANEL_01,29.7,0.18,5.42,24.68,0.0
2026-08-06 06:00:00,PANEL_02,29.76,0.22,6.42,23.39,0.0
2026-08-06 06:00:00,PANEL_03,30.37,0.03,0.91,25.3,0.0
2026-08-06 07:00:00,PANEL_01,33.89,2.54,86.17,27.13,95.12
2026-08-06 07:00:00,PANEL_02,33.34,2.88,96.09,29.9,92.82
2026-08-06 07:00:00,PANEL_03,33.17,2.78,92.22,28.07,93.77
2026-08-06 08:00:00,PANEL_01,35.33,4.61,162.82,32.7,93.04
2026-08-06 08:00:00,PANEL_02,35.67,5.22,186.27,32.04,93.13
2026-08-06 08:00:00,PANEL_03,36.59,5.0,183.13,32.5,96.38
2026-08-06 09:00:00,PANEL_01,38.11,6.03,229.69,36.11,92.81
2026-08-06 09:00:00,PANEL_02,38.32,6.99,267.74,35.93,94.66
2026-08-06 09:00:00,PANEL_03,38.76,6.63,257.03,36.77,95.66
2026-08-06 10:00:00,PANEL_01,40.07,7.28,291.67,37.05,96.23
2026-08-06 10:00:00,PANEL_02,40.53,8.27,335.28,37.5,96.79
2026-08-06 10:00:00,PANEL_03,40.66,7.8,317.0,36.63,96.33
2026-08-06 11:00:00,PANEL_01,41.17,7.7,316.87,36.52,93.73
2026-08-06 11:00:00,PANEL_02,42.62,8.5,362.35,38.27,93.78
2026-08-06 11:00:00,PANEL_03,41.45,8.44,349.97,39.3,95.35
2026-08-06 12:00:00,PANEL_01,42.43,7.78,330.03,38.83,94.29
2026-08-06 12:00:00,PANEL_02,42.14,8.99,378.95,40.61,94.74
2026-08-06 12:00:00,PANEL_03,42.25,8.62,364.1,39.66,95.82
2026-08-06 13:00:00,PANEL_01,42.18,7.63,321.93,37.19,95.23
2026-08-06 13:00:00,PANEL_02,41.79,8.72,364.33,37.96,94.3
2026-08-06 13:00:00,PANEL_03,41.88,8.45,353.89,38.51,96.41
2026-08-06 14:00:00,PANEL_01,40.55,7.27,294.86,37.23,97.28
2026-08-06 14:00:00,PANEL_02,41.69,7.95,331.45,35.23,95.68
2026-08-06 14:00:00,PANEL_03,40.77,7.71,314.19,38.28,95.47
2026-08-06 15:00:00,PANEL_01,38.82,6.04,234.58,33.38,94.78
2026-08-06 15:00:00,PANEL_02,38.38,6.92,265.44,34.03,93.85
2026-08-06 15:00:00,PANEL_03,38.78,6.75,261.74,35.0,97.41
2026-08-06 16:00:00,PANEL_01,35.4,4.74,167.82,32.7,95.9
2026-08-06 16:00:00,PANEL_02,35.7,5.31,189.52,31.51,94.76
2026-08-06 16:00:00,PANEL_03,35.61,5.13,182.81,31.38,96.21
2026-08-06 17:00:00,PANEL_01,33.32,2.49,83.1,27.44,91.74
2026-08-06 17:00:00,PANEL_02,33.47,2.9,97.1,29.61,93.79
2026-08-06 17:00:00,PANEL_03,32.91,2.86,94.17,28.81,95.75
2026-08-06 18:00:00,PANEL_01,29.29,0.0,0.0,22.47,0.0
2026-08-06 18:00:00,PANEL_02,30.63,0.0,0.0,26.56,0.0
2026-08-06 18:00:00,PANEL_03,29.72,0.02,0.55,25.54,100.0
2026-08-06 19:00:00,PANEL_01,0.0,0.0,0.0,19.0,0.0
2026-08-06 19:00:00,PANEL_02,0.0,0.0,0.0,19.03,0.0
2026-08-06 19:00:00,PANEL_03,0.0,0.0,0.0,18.6,0.0
2026-08-06 20:00:00,PANEL_01,0.0,0.0,0.0,18.51,0.0
2026-08-06 20:00:00,PANEL_02,0.0,0.0,0.0,18.3,0.0
2026-08-06 20:00:00,PANEL_03,0.0,0.0,0.0,18.39,0.0
2026-08-06 21:00:00,PANEL_01,0.0,0.0,0.0,17.72,0.0
2026-08-06 21:00:00,PANEL_02,0.0,0.0,0.0,17.59,0.0
2026-08-06 21:00:00,PANEL_03,0.0,0.0,0.0,18.0,0.0
2026-08-06 22:00:00,PANEL_01,0.0,0.0,0.0,17.91,0.0
2026-08-06 22:00:00,PANEL_02,0.0,0.0,0.0,17.77,0.0
2026-08-06 22:00:00,PANEL_03,0.0,0.0,0.0,18.35,0.0
2026-08-06 23:00:00,PANEL_01,0.0,0.0,0.0,18.48,0.0
2026-08-06 23:00:00,PANEL_02,0.0,0.0,0.0,18.04,0.0
2026-08-06 23:00:00,PANEL_03,0.0,0.0,0.0,18.74,0.0
2026-08-07 00:00:00,PANEL_01,0.0,0.0,0.0,17.43,0.0
2026-08-07 00:00:00,PANEL_02,0.0,0.0,0.0,17.9,0.0
2026-08-07 00:00:00,PANEL_03,0.0,0.0,0.0,17.64,0.0
2026-08-07 01:00:00,PANEL_01,0.0,0.0,0.0,17.07,0.0
2026-08-07 01:00:00,PANEL_02,0.0,0.0,0.0,17.96,0.0
2026-08-07 01:00:00,PANEL_03,0.0,0.0,0.0,17.94,0.0
2026-08-07 02:00:00,PANEL_01,0.0,0.0,0.0,18.76,0.0
2026-08-07 02:00:00,PANEL_02,0.0,0.0,0.0,18.32,0.0
2026-08-07 02:00:00,PANEL_03,0.0,0.0,0.0,17.49,0.0
2026-08-07 03:00:00,PANEL_01,0.0,0.0,0.0,18.93,0.0
2026-08-07 03:00:00,PANEL_02,0.0,0.0,0.0,18.61,0.0
2026-08-07 03:00:00,PANEL_03,0.0,0.0,0.0,18.29,0.0
2026-08-07 04:00:00,PANEL_01,0.0,0.0,0.0,17.89,0.0
2026-08-07 04:00:00,PANEL_02,0.0,0.0,0.0,17.52,0.0
2026-08-07 04:00:00,PANEL_03,0.0,0.0,0.0,17.81,0.0
2026-08-07 05:00:00,PANEL_01,0.0,0.0,0.0,18.54,0.0
2026-08-07 05:00:00,PANEL_02,0.0,0.0,0.0,18.94,0.0
2026-08-07 05:00:00,PANEL_03,0.0,0.0,0.0,18.77,0.0
2026-08-07 06:00:00,PANEL_01,29.76,0.0,0.0,24.14,0.0
2026-08-07 06:00:00,PANEL_02,29.12,0.03,0.94,23.85,0.0
2026-08-07 06:00:00,PANEL_03,29.77,0.0,0.0,24.51,0.0
2026-08-07 07:00:00,PANEL_01,32.84,2.5,82.22,25.01,90.76
2026-08-07 07:00:00,PANEL_02,33.09,3.15,104.22,29.54,100.0
2026-08-07 07:00:00,PANEL_03,32.88,2.78,91.45,28.35,92.99
2026-08-07 08:00:00,PANEL_01,35.5,4.71,167.32,32.27,95.61
2026-08-07 08:00:00,PANEL_02,36.61,5.18,189.63,31.3,94.82
2026-08-07 08:00:00,PANEL_03,35.56,4.99,177.56,31.27,93.45
2026-08-07 09:00:00,PANEL_01,38.67,6.17,238.65,33.8,96.43
2026-08-07 09:00:00,PANEL_02,39.23,6.82,267.64,34.59,94.62
2026-08-07 09:00:00,PANEL_03,38.11,6.46,246.03,35.49,91.56
2026-08-07 10:00:00,PANEL_01,40.76,7.04,286.81,37.06,94.62
2026-08-07 10:00:00,PANEL_02,40.65,7.94,322.74,36.46,93.17
2026-08-07 10:00:00,PANEL_03,40.79,7.54,307.52,37.28,93.45
2026-08-07 11:00:00,PANEL_01,40.91,7.9,323.08,38.45,95.56
2026-08-07 11:00:00,PANEL_02,40.78,9.12,371.8,37.75,96.23
2026-08-07 11:00:00,PANEL_03,41.19,8.49,349.53,39.64,95.23
2026-08-07 12:00:00,PANEL_01,41.49,8.02,332.76,39.43,95.07
2026-08-07 12:00:00,PANEL_02,42.35,8.99,380.75,38.63,95.19
2026-08-07 12:00:00,PANEL_03,41.59,8.69,361.36,37.93,95.09
2026-08-07 13:00:00,PANEL_01,40.13,8.05,322.92,39.39,95.52
2026-08-07 13:00:00,PANEL_02,40.41,8.98,362.97,39.11,93.94
2026-08-07 13:00:00,PANEL_03,42.62,8.18,348.79,37.76,95.02
2026-08-07 14:00:00,PANEL_01,40.3,7.28,293.49,36.34,96.83
2026-08-07 14:00:00,PANEL_02,39.99,8.18,327.16,36.04,94.44
2026-08-07 14:00:00,PANEL_03,40.45,7.89,319.21,37.31,97.0
2026-08-07 15:00:00,PANEL_01,38.36,6.1,233.99,33.04,94.55
2026-08-07 15:00:00,PANEL_02,38.93,6.89,268.4,34.43,94.89
2026-08-07 15:00:00,PANEL_03,40.08,6.4,256.46,33.85,95.45
2026-08-07 16:00:00,PANEL_01,35.79,4.76,170.36,31.61,97.35
2026-08-07 16:00:00,PANEL_02,35.28,5.48,193.24,30.83,96.62
2026-08-07 16:00:00,PANEL_03,36.94,4.99,184.49,31.05,97.1
2026-08-07 17:00:00,PANEL_01,33.75,2.56,86.29,28.74,95.25
2026-08-07 17:00:00,PANEL_02,33.35,2.86,95.53,27.24,92.27
2026-08-07 17:00:00,PANEL_03,33.62,2.75,92.31,27.48,93.86
2026-08-07 18:00:00,PANEL_01,29.52,0.04,1.25,26.06,100.0
2026-08-07 18:00:00,PANEL_02,29.47,0.0,0.07,25.41,100.0
2026-08-07 18:00:00,PANEL_03,29.96,0.05,1.36,22.94,100.0
2026-08-07 19:00:00,PANEL_01,0.0,0.0,0.0,18.21,0.0
2026-08-07 19:00:00,PANEL_02,0.0,0.0,0.0,17.91,0.0
2026-08-07 19:00:00,PANEL_03,0.0,0.0,0.0,18.49,0.0
2026-08-07 20:00:00,PANEL_01,0.0,0.0,0.0,18.59,0.0
2026-08-07 20:00:00,PANEL_02,0.0,0.0,0.0,19.29,0.0
2026-08-07 20:00:00,PANEL_03,0.0,0.0,0.0,18.29,0.0
2026-08-07 21:00:00,PANEL_01,0.0,0.0,0.0,18.16,0.0
2026-08-07 21:00:00,PANEL_02,0.0,0.0,0.0,18.1,0.0
2026-08-07 21:00:00,PANEL_03,0.0,0.0,0.0,17.82,0.0
2026-08-07 22:00:00,PANEL_01,0.0,0.0,0.0,18.17,0.0
2026-08-07 22:00:00,PANEL_02,0.0,0.0,0.0,17.85,0.0
2026-08-07 22:00:00,PANEL_03,0.0,0.0,0.0,18.08,0.0
2026-08-07 23:00:00,PANEL_01,0.0,0.0,0.0,18.66,0.0
2026-08-07 23:00:00,PANEL_02,0.0,0.0,0.0,17.5,0.0
2026-08-07 23:00:00,PANEL_03,0.0,0.0,0.0,18.57,0.0
2026-08-08 00:00:00,PANEL_01,0.0,0.0,0.0,18.66,0.0
2026-08-08 00:00:00,PANEL_02,0.0,0.0,0.0,17.94,0.0
2026-08-08 00:00:00,PANEL_03,0.0,0.0,0.0,16.94,0.0
2026-08-08 01:00:00,PANEL_01,0.0,0.0,0.0,17.7,0.0
2026-08-08 01:00:00,PANEL_02,0.0,0.0,0.0,18.65,0.0
2026-08-08 01:00:00,PANEL_03,0.0,0.0,0.0,17.99,0.0
2026-08-08 02:00:00,PANEL_01,0.0,0.0,0.0,17.5,0.0
2026-08-08 02:00:00,PANEL_02,0.0,0.0,0.0,17.75,0.0
2026-08-08 02:00:00,PANEL_03,0.0,0.0,0.0,18.42,0.0
2026-08-08 03:00:00,PANEL_01,0.0,0.0,0.0,18.27,0.0
2026-08-08 03:00:00,PANEL_02,0.0,0.0,0.0,17.88,0.0
2026-08-08 03:00:00,PANEL_03,0.0,0.0,0.0,17.82,0.0
2026-08-08 04:00:00,PANEL_01,0.0,0.0,0.0,17.8,0.0
2026-08-08 04:00:00,PANEL_02,0.0,0.0,0.0,17.54,0.0
2026-08-08 04:00:00,PANEL_03,0.0,0.0,0.0,18.81,0.0
2026-08-08 05:00:00,PANEL_01,0.0,0.0,0.0,17.84,0.0
2026-08-08 05:00:00,PANEL_02,0.0,0.0,0.0,18.61,0.0
2026-08-08 05:00:00,PANEL_03,0.0,0.0,0.0,18.76,0.0
2026-08-08 06:00:00,PANEL_01,30.5,0.0,0.0,24.4,0.0
2026-08-08 06:00:00,PANEL_02,29.99,0.0,0.0,24.32,0.0
2026-08-08 06:00:00,PANEL_03,29.41,0.12,3.49,23.54,0.0
2026-08-08 07:00:00,PANEL_01,33.21,2.62,87.0,27.62,96.04
2026-08-08 07:00:00,PANEL_02,33.4,2.9,96.77,28.75,93.47
2026-08-08 07:00:00,PANEL_03,32.43,2.89,93.84,29.82,95.42
2026-08-08 08:00:00,PANEL_01,35.5,4.62,163.84,32.01,93.63
2026-08-08 08:00:00,PANEL_02,36.09,5.3,191.27,31.99,95.63
2026-08-08 08:00:00,PANEL_03,36.32,5.08,184.53,31.91,97.12
2026-08-08 09:00:00,PANEL_01,38.36,6.2,237.69,36.51,96.04
2026-08-08 09:00:00,PANEL_02,38.42,6.9,264.96,35.71,93.68
2026-08-08 09:00:00,PANEL_03,38.43,6.43,246.92,35.45,91.89
2026-08-08 10:00:00,PANEL_01,40.12,7.17,287.59,37.32,94.88
2026-08-08 10:00:00,PANEL_02,40.49,8.2,331.96,36.55,95.83
2026-08-08 10:00:00,PANEL_03,40.65,7.67,311.58,37.73,94.68
2026-08-08 11:00:00,PANEL_01,41.9,7.57,317.25,39.57,93.84
2026-08-08 11:00:00,PANEL_02,41.32,8.96,370.39,38.86,95.86
2026-08-08 11:00:00,PANEL_03,42.51,8.18,347.75,38.14,94.74
2026-08-08 12:00:00,PANEL_01,41.99,7.89,331.23,39.8,94.64
2026-08-08 12:00:00,PANEL_02,41.19,9.12,375.66,37.93,93.91
2026-08-08 12:00:00,PANEL_03,42.48,8.67,368.27,38.9,96.91
2026-08-08 13:00:00,PANEL_01,41.51,7.74,321.46,39.65,95.09
2026-08-08 13:00:00,PANEL_02,41.13,8.95,368.03,39.46,95.25
2026-08-08 13:00:00,PANEL_03,41.84,8.35,349.49,39.49,95.22
2026-08-08 14:00:00,PANEL_01,39.04,7.44,290.6,36.34,95.87
2026-08-08 14:00:00,PANEL_02,39.48,8.39,331.11,38.36,95.58
2026-08-08 14:00:00,PANEL_03,40.32,7.85,316.48,38.6,96.17
2026-08-08 15:00:00,PANEL_01,39.14,6.17,241.53,35.35,97.59
2026-08-08 15:00:00,PANEL_02,38.52,6.81,262.53,34.36,92.82
2026-08-08 15:00:00,PANEL_03,38.06,6.92,263.53,34.43,98.08
2026-08-08 16:00:00,PANEL_01,36.06,4.67,168.24,31.54,96.14
2026-08-08 16:00:00,PANEL_02,36.85,5.09,187.71,31.69,93.85
2026-08-08 16:00:00,PANEL_03,35.63,4.93,175.8,30.89,92.52
2026-08-08 17:00:00,PANEL_01,33.09,2.56,84.64,27.19,93.43
2026-08-08 17:00:00,PANEL_02,32.4,3.03,98.08,26.38,94.74
2026-08-08 17:00:00,PANEL_03,33.49,2.8,93.71,26.42,95.28
2026-08-08 18:00:00,PANEL_01,29.85,0.0,0.0,24.32,0.0
2026-08-08 18:00:00,PANEL_02,30.67,0.0,0.0,24.12,0.0
2026-08-08 18:00:00,PANEL_03,29.92,0.07,2.01,24.21,100.0
2026-08-08 19:00:00,PANEL_01,0.0,0.0,0.0,17.62,0.0
2026-08-08 19:00:00,PANEL_02,0.0,0.0,0.0,17.84,0.0
2026-08-08 19:00:00,PANEL_03,0.0,0.0,0.0,17.6,0.0
2026-08-08 20:00:00,PANEL_01,0.0,0.0,0.0,18.54,0.0
2026-08-08 20:00:00,PANEL_02,0.0,0.0,0.0,18.01,0.0
2026-08-08 20:00:00,PANEL_03,0.0,0.0,0.0,18.95,0.0
2026-08-08 21:00:00,PANEL_01,0.0,0.0,0.0,17.97,0.0
2026-08-08 21:00:00,PANEL_02,0.0,0.0,0.0,17.65,0.0
2026-08-08 21:00:00,PANEL_03,0.0,0.0,0.0,17.24,0.0
2026-08-08 22:00:00,PANEL_01,0.0,0.0,0.0,17.1,0.0
2026-08-08 22:00:00,PANEL_02,0.0,0.0,0.0,17.21,0.0
2026-08-08 22:00:00,PANEL_03,0.0,0.0,0.0,18.13,0.0
2026-08-08 23:00:00,PANEL_01,0.0,0.0,0.0,18.25,0.0
2026-08-08 23:00:00,PANEL_02,0.0,0.0,0.0,17.21,0.0
2026-08-08 23:00:00,PANEL_03,0.0,0.0,0.0,18.45,0.0
2026-08-09 00:00:00,PANEL_01,0.0,0.0,0.0,17.76,0.0
2026-08-09 00:00:00,PANEL_02,0.0,0.0,0.0,18.07,0.0
2026-08-09 00:00:00,PANEL_03,0.0,0.0,0.0,18.81,0.0
2026-08-09 01:00:00,PANEL_01,0.0,0.0,0.0,18.45,0.0
2026-08-09 01:00:00,PANEL_02,0.0,0.0,0.0,17.87,0.0
2026-08-09 01:00:00,PANEL_03,0.0,0.0,0.0,17.55,0.0
2026-08-09 02:00:00,PANEL_01,0.0,0.0,0.0,16.92,0.0
2026-08-09 02:00:00,PANEL_02,0.0,0.0,0.0,17.64,0.0
2026-08-09 02:00:00,PANEL_03,0.0,0.0,0.0,17.89,0.0
2026-08-09 03:00:00,PANEL_01,0.0,0.0,0.0,17.51,0.0
2026-08-09 03:00:00,PANEL_02,0.0,0.0,0.0,17.93,0.0
2026-08-09 03:00:00,PANEL_03,0.0,0.0,0.0,18.04,0.0
2026-08-09 04:00:00,PANEL_01,0.0,0.0,0.0,17.89,0.0
2026-08-09 04:00:00,PANEL_02,0.0,0.0,0.0,17.67,0.0
2026-08-09 04:00:00,PANEL_03,0.0,0.0,0.0,18.08,0.0
2026-08-09 05:00:00,PANEL_01,0.0,0.0,0.0,18.22,0.0
2026-08-09 05:00:00,PANEL_02,0.0,0.0,0.0,17.45,0.0
2026-08-09 05:00:00,PANEL_03,0.0,0.0,0.0,18.71,0.0
2026-08-09 06:00:00,PANEL_01,29.95,0.0,0.06,24.71,0.0
2026-08-09 06:00:00,PANEL_02,30.12,0.1,2.87,24.29,0.0
2026-08-09 06:00:00,PANEL_03,29.69,0.04,1.07,22.86,0.0
2026-08-09 07:00:00,PANEL_01,33.16,2.59,85.95,27.67,94.88
2026-08-09 07:00:00,PANEL_02,33.04,2.79,92.13,27.33,88.99
2026-08-09 07:00:00,PANEL_03,33.15,2.83,93.96,26.85,95.54
2026-08-09 08:00:00,PANEL_01,36.63,4.45,163.08,32.47,93.19
2026-08-09 08:00:00,PANEL_02,36.21,5.18,187.66,33.28,93.83
2026-08-09 08:00:00,PANEL_03,35.4,5.19,183.75,32.5,96.71
2026-08-09 09:00:00,PANEL_01,38.15,6.3,240.43,34.36,97.15
2026-08-09 09:00:00,PANEL_02,38.63,6.98,269.71,34.47,95.36
2026-08-09 09:00:00,PANEL_03,38.89,6.64,258.35,32.86,96.15
2026-08-09 10:00:00,PANEL_01,41.04,6.85,281.13,38.02,92.75
2026-08-09 10:00:00,PANEL_02,40.96,7.93,324.62,36.58,93.71
2026-08-09 10:00:00,PANEL_03,39.84,7.83,311.78,36.68,94.74
2026-08-09 11:00:00,PANEL_01,41.98,7.78,326.67,39.88,96.63
2026-08-09 11:00:00,PANEL_02,41.31,8.86,366.19,36.81,94.78
2026-08-09 11:00:00,PANEL_03,41.19,8.56,352.67,40.1,96.08
2026-08-09 12:00:00,PANEL_01,41.38,7.98,330.05,38.97,94.3
2026-08-09 12:00:00,PANEL_02,42.14,8.94,376.59,39.42,94.15
2026-08-09 12:00:00,PANEL_03,41.76,8.64,360.94,39.55,94.98
2026-08-09 13:00:00,PANEL_01,41.59,7.68,319.36,38.38,94.46
2026-08-09 13:00:00,PANEL_02,41.55,8.8,365.51,38.23,94.6
2026-08-09 13:00:00,PANEL_03,42.39,8.28,351.08,38.19,95.65
2026-08-09 14:00:00,PANEL_01,40.74,7.03,286.59,38.16,94.55
2026-08-09 14:00:00,PANEL_02,40.58,8.1,328.65,37.44,94.87
2026-08-09 14:00:00,PANEL_03,39.61,7.78,308.17,35.8,93.64
2026-08-09 15:00:00,PANEL_01,38.56,6.27,241.79,36.84,97.7
2026-08-09 15:00:00,PANEL_02,38.8,6.97,270.64,32.81,95.69
2026-08-09 15:00:00,PANEL_03,38.21,6.6,252.26,33.99,93.88
2026-08-09 16:00:00,PANEL_01,35.92,4.58,164.55,29.52,94.03
2026-08-09 16:00:00,PANEL_02,36.37,5.12,186.1,31.74,93.05
2026-08-09 16:00:00,PANEL_03,37.04,4.78,177.09,28.97,93.21
2026-08-09 17:00:00,PANEL_01,32.96,2.72,89.69,29.84,99.01
2026-08-09 17:00:00,PANEL_02,32.49,3.08,99.97,27.42,96.56
2026-08-09 17:00:00,PANEL_03,33.05,3.09,102.17,26.38,100.0
2026-08-09 18:00:00,PANEL_01,30.13,0.05,1.41,25.09,100.0
2026-08-09 18:00:00,PANEL_02,30.05,0.03,0.93,23.61,100.0
2026-08-09 18:00:00,PANEL_03,30.13,0.0,0.0,24.62,0.0
2026-08-09 19:00:00,PANEL_01,0.0,0.0,0.0,17.82,0.0
2026-08-09 19:00:00,PANEL_02,0.0,0.0,0.0,18.19,0.0
2026-08-09 19:00:00,PANEL_03,0.0,0.0,0.0,17.99,0.0
2026-08-09 20:00:00,PANEL_01,0.0,0.0,0.0,18.56,0.0
2026-08-09 20:00:00,PANEL_02,0.0,0.0,0.0,17.97,0.0
2026-08-09 20:00:00,PANEL_03,0.0,0.0,0.0,17.11,0.0
2026-08-09 21:00:00,PANEL_01,0.0,0.0,0.0,18.63,0.0
2026-08-09 21:00:00,PANEL_02,0.0,0.0,0.0,17.55,0.0
2026-08-09 21:00:00,PANEL_03,0.0,0.0,0.0,17.67,0.0
2026-08-09 22:00:00,PANEL_01,0.0,0.0,0.0,17.7,0.0
2026-08-09 22:00:00,PANEL_02,0.0,0.0,0.0,18.69,0.0
2026-08-09 22:00:00,PANEL_03,0.0,0.0,0.0,16.93,0.0
2026-08-09 23:00:00,PANEL_01,0.0,0.0,0.0,19.57,0.0
2026-08-09 23:00:00,PANEL_02,0.0,0.0,0.0,18.53,0.0
2026-08-09 23:00:00,PANEL_03,0.0,0.0,0.0,18.11,0.0
2026-08-10 00:00:00,PANEL_01,0.0,0.0,0.0,17.97,0.0
2026-08-10 00:00:00,PANEL_02,0.0,0.0,0.0,18.14,0.0
2026-08-10 00:00:00,PANEL_03,0.0,0.0,0.0,18.26,0.0
2026-08-10 01:00:00,PANEL_01,0.0,0.0,0.0,18.32,0.0
2026-08-10 01:00:00,PANEL_02,0.0,0.0,0.0,18.28,0.0
2026-08-10 01:00:00,PANEL_03,0.0,0.0,0.0,18.04,0.0
2026-08-10 02:00:00,PANEL_01,0.0,0.0,0.0,17.9,0.0
2026-08-10 02:00:00,PANEL_02,0.0,0.0,0.0,17.92,0.0
2026-08-10 02:00:00,PANEL_03,0.0,0.0,0.0,17.9,0.0
2026-08-10 03:00:00,PANEL_01,0.0,0.0,0.0,18.57,0.0
2026-08-10 03:00:00,PANEL_02,0.0,0.0,0.0,18.3,0.0
2026-08-10 03:00:00,PANEL_03,0.0,0.0,0.0,16.53,0.0
2026-08-10 04:00:00,PANEL_01,0.0,0.0,0.0,18.33,0.0
2026-08-10 04:00:00,PANEL_02,0.0,0.0,0.0,18.1,0.0
2026-08-10 04:00:00,PANEL_03,0.0,0.0,0.0,17.99,0.0
2026-08-10 05:00:00,PANEL_01,0.0,0.0,0.0,17.81,0.0
2026-08-10 05:00:00,PANEL_02,0.0,0.0,0.0,18.56,0.0
2026-08-10 05:00:00,PANEL_03,0.0,0.0,0.0,18.47,0.0
2026-08-10 06:00:00,PANEL_01,29.61,0.04,1.21,23.03,0.0
2026-08-10 06:00:00,PANEL_02,29.31,0.0,0.0,24.86,0.0
2026-08-10 06:00:00,PANEL_03,30.48,0.05,1.56,24.73,0.0
2026-08-10 07:00:00,PANEL_01,33.36,2.52,83.92,28.31,92.64
2026-08-10 07:00:00,PANEL_02,33.51,3.01,100.88,29.07,97.44
2026-08-10 07:00:00,PANEL_03,33.46,2.83,94.61,28.95,96.2
2026-08-10 08:00:00,PANEL_01,35.99,4.53,163.08,31.34,93.19
2026-08-10 08:00:00,PANEL_02,35.63,5.27,187.59,31.36,93.8
2026-08-10 08:00:00,PANEL_03,35.6,5.04,179.4,29.61,94.42
2026-08-10 09:00:00,PANEL_01,38.59,6.09,235.12,33.79,95.0
2026-08-10 09:00:00,PANEL_02,38.81,7.02,272.34,33.0,96.29
2026-08-10 09:00:00,PANEL_03,38.1,6.62,252.33,33.67,93.91
2026-08-10 10:00:00,PANEL_01,40.81,7.04,287.16,36.73,94.74
2026-08-10 10:00:00,PANEL_02,39.39,8.42,331.59,35.75,95.72
2026-08-10 10:00:00,PANEL_03,40.42,7.76,313.76,38.35,95.34
2026-08-10 11:00:00,PANEL_01,40.94,7.54,308.81,38.67,91.34
2026-08-10 11:00:00,PANEL_02,42.49,8.76,372.32,38.7,96.36
2026-08-10 11:00:00,PANEL_03,41.35,8.51,352.04,37.52,95.91
2026-08-10 12:00:00,PANEL_01,42.24,7.92,334.64,40.06,95.61
2026-08-10 12:00:00,PANEL_02,43.38,8.8,381.7,38.49,95.43
2026-08-10 12:00:00,PANEL_03,41.99,8.42,353.57,38.31,93.05
2026-08-10 13:00:00,PANEL_01,41.39,7.71,319.0,38.64,94.36
2026-08-10 13:00:00,PANEL_02,41.18,9.03,371.67,38.49,96.19
2026-08-10 13:00:00,PANEL_03,41.59,8.35,347.34,38.64,94.63
2026-08-10 14:00:00,PANEL_01,40.8,6.97,284.42,36.33,93.83
2026-08-10 14:00:00,PANEL_02,40.24,8.04,323.67,36.17,93.44
2026-08-10 14:00:00,PANEL_03,40.15,7.87,316.15,37.25,96.07
2026-08-10 15:00:00,PANEL_01,38.58,6.18,238.4,34.47,96.33
2026-08-10 15:00:00,PANEL_02,38.68,6.94,268.3,34.87,94.86
2026-08-10 15:00:00,PANEL_03,38.19,6.44,245.95,34.47,91.53
2026-08-10 16:00:00,PANEL_01,36.71,4.62,169.65,32.47,96.94
2026-08-10 16:00:00,PANEL_02,36.62,5.2,190.32,31.7,95.16
2026-08-10 16:00:00,PANEL_03,35.69,5.03,179.37,32.12,94.41
2026-08-10 17:00:00,PANEL_01,33.71,2.54,85.59,27.43,94.48
2026-08-10 17:00:00,PANEL_02,33.11,3.03,100.34,26.44,96.92
2026-08-10 17:00:00,PANEL_03,31.96,2.87,91.67,26.66,93.21
2026-08-10 18:00:00,PANEL_01,29.75,0.0,0.0,23.55,0.0
2026-08-10 18:00:00,PANEL_02,30.73,0.03,1.0,24.3,100.0
2026-08-10 18:00:00,PANEL_03,30.31,0.0,0.0,25.04,0.0
2026-08-10 19:00:00,PANEL_01,0.0,0.0,0.0,17.96,0.0
2026-08-10 19:00:00,PANEL_02,0.0,0.0,0.0,18.34,0.0
2026-08-10 19:00:00,PANEL_03,0.0,0.0,0.0,17.46,0.0
2026-08-10 20:00:00,PANEL_01,0.0,0.0,0.0,17.22,0.0
2026-08-10 20:00:00,PANEL_02,0.0,0.0,0.0,18.41,0.0
2026-08-10 20:00:00,PANEL_03,0.0,0.0,0.0,18.19,0.0
2026-08-10 21:00:00,PANEL_01,0.0,0.0,0.0,17.55,0.0
2026-08-10 21:00:00,PANEL_02,0.0,0.0,0.0,17.57,0.0
2026-08-10 21:00:00,PANEL_03,0.0,0.0,0.0,18.56,0.0
2026-08-10 22:00:00,PANEL_01,0.0,0.0,0.0,17.41,0.0
2026-08-10 22:00:00,PANEL_02,0.0,0.0,0.0,18.82,0.0
2026-08-10 22:00:00,PANEL_03,0.0,0.0,0.0,17.55,0.0
2026-08-10 23:00:00,PANEL_01,0.0,0.0,0.0,18.32,0.0
2026-08-10 23:00:00,PANEL_02,0.0,0.0,0.0,17.84,0.0
2026-08-10 23:00:00,PANEL_03,0.0,0.0,0.0,18.3,0.0
